iter,step,seg,loss,gn_cum,indep_gn
1,0,ans_first,1.4725,4.6541,4.6541
1,0,cq,3.1133,27.4083,27.0091
1,0,ans_final,1.5661,27.8691,4.4630
1,0,ans_first,2.4796,28.7187,6.7583
1,0,cq,1.5810,40.1355,20.0780
1,0,ans_final,1.4144,40.5302,6.1491
1,0,ans_first,2.1647,41.0799,5.5238
1,0,cq,2.0233,44.6663,14.7447
1,0,ans_final,1.5785,44.7858,3.5452
1,0,ans_first,2.1156,45.4443,7.3342
1,0,cq,1.9431,48.9600,17.2768
1,0,ans_final,1.6239,49.0565,6.0235
1,0,ans_first,2.2313,49.8859,7.2187
1,0,cq,2.0314,57.1416,21.7440
1,0,ans_final,1.5153,57.4673,4.4441
1,0,ans_first,1.6693,57.6022,8.0409
1,0,cq,1.9191,63.5192,21.5306
1,0,ans_final,1.6717,63.7601,4.3545
1,0,ans_first,1.7920,63.8610,4.4552
1,0,cq,1.1410,67.7244,23.9839
1,0,ans_final,1.9139,68.1965,6.2026
1,0,ans_first,1.7990,68.3892,4.6568
1,0,cq,1.7537,73.2647,15.3588
1,0,ans_final,1.5841,73.7426,5.2353
1,1,ans_first,1.8795,6.5274,6.5274
1,1,cq,1.7856,17.2923,16.4875
1,1,ans_final,1.7517,17.7498,5.6261
1,1,ans_first,1.9700,18.7853,6.1807
1,1,cq,1.6397,28.8844,19.9006
1,1,ans_final,1.7522,29.3329,6.4963
1,1,ans_first,1.8883,30.0103,6.5005
1,1,cq,2.6856,47.5012,32.7087
1,1,ans_final,1.2941,48.0545,4.8768
1,1,ans_first,1.8451,48.1529,4.0197
1,1,cq,2.5785,58.0929,24.1975
1,1,ans_final,1.5923,58.5075,6.8072
1,1,ans_first,1.8502,58.7092,5.3128
1,1,cq,2.2916,63.4716,19.6087
1,1,ans_final,1.6736,63.6973,5.5200
1,1,ans_first,1.8592,64.4307,10.6152
1,1,cq,2.0409,69.2720,18.7027
1,1,ans_final,1.6652,69.4746,4.6813
1,1,ans_first,2.0503,69.7398,5.8280
1,1,cq,2.5595,81.1232,23.9197
1,1,ans_final,1.6943,81.6872,6.4084
1,1,ans_first,1.6937,81.9151,5.6116
1,1,cq,1.7781,86.3881,17.0719
1,1,ans_final,1.4826,86.7275,4.8571
1,2,ans_first,1.9586,5.8188,5.8188
1,2,cq,3.6373,50.2869,49.9272
1,2,ans_final,1.5185,50.2497,3.6693
1,2,ans_first,2.1585,51.2331,7.9031
1,2,cq,2.2102,59.3470,22.3229
1,2,ans_final,1.4040,59.5746,5.2328
1,2,ans_first,1.5202,59.9734,6.1910
1,2,cq,1.3010,64.5139,15.4118
1,2,ans_final,1.5265,64.6646,4.4360
1,2,ans_first,2.1661,64.8123,7.4178
1,2,cq,3.5338,87.8022,39.5505
1,2,ans_final,1.6521,88.0947,6.7619
1,2,ans_first,2.4010,88.5658,7.4809
1,2,cq,3.3408,98.5343,26.3006
1,2,ans_final,1.4494,98.6364,3.9196
1,2,ans_first,1.5336,98.4967,5.7568
1,2,cq,1.7966,109.6655,28.0315
1,2,ans_final,1.8438,109.8376,5.6826
1,2,ans_first,1.8805,109.8056,5.0361
1,2,cq,0.7368,115.9496,13.1462
1,2,ans_final,1.7193,116.0789,6.4944
1,2,ans_first,1.7608,116.3525,5.3441
1,2,cq,2.0501,119.5385,18.9501
1,2,ans_final,1.6100,119.9926,6.0145
1,3,ans_first,1.7521,6.3861,6.3861
1,3,cq,1.9059,19.6001,18.2903
1,3,ans_final,1.5683,20.6111,5.6539
1,3,ans_first,1.9833,21.5817,5.4301
1,3,cq,1.8213,31.4268,21.3242
1,3,ans_final,1.8013,31.8416,6.2421
1,3,ans_first,1.7373,32.5995,6.0533
1,3,cq,1.1110,53.5650,33.1858
1,3,ans_final,1.5982,53.8518,5.5610
1,3,ans_first,1.6280,55.0895,9.5850
1,3,cq,2.7733,75.6635,37.1461
1,3,ans_final,1.6965,76.5412,8.5723
1,3,ans_first,1.5535,77.0649,7.2478
1,3,cq,3.3525,93.6598,32.0145
1,3,ans_final,1.5870,94.0463,7.2343
1,3,ans_first,2.1262,94.5334,6.4604
1,3,cq,2.1779,98.2659,17.3313
1,3,ans_final,1.7291,98.3702,5.0425
1,3,ans_first,1.8957,98.4867,5.2017
1,3,cq,2.2108,98.9039,16.6619
1,3,ans_final,1.6817,99.3011,4.5875
1,3,ans_first,1.1609,99.4910,5.6468
1,3,cq,0.8964,119.9018,30.2469
1,3,ans_final,1.3829,120.1195,3.3863
1,4,ans_first,1.8121,6.5942,6.5942
1,4,cq,1.9042,19.2763,17.9017
1,4,ans_final,1.5053,19.9109,5.7045
1,4,ans_first,1.6676,21.1803,6.5507
1,4,cq,2.3949,29.2174,21.0599
1,4,ans_final,1.7917,30.2306,7.4979
1,4,ans_first,1.9365,30.3900,5.1032
1,4,cq,2.4563,35.7553,19.7777
1,4,ans_final,1.6578,36.0188,3.9912
1,4,ans_first,1.7682,36.6241,5.9432
1,4,cq,2.2609,39.9133,15.2478
1,4,ans_final,1.5129,40.4604,5.0454
1,4,ans_first,1.3230,41.3803,7.7630
1,4,cq,2.2205,55.0979,29.2374
1,4,ans_final,1.4142,55.4242,4.6634
1,4,ans_first,1.8655,55.6793,5.8033
1,4,cq,1.0383,57.8247,12.9084
1,4,ans_final,1.7278,58.5101,5.6650
1,4,ans_first,1.7971,58.5280,4.6049
1,4,cq,0.4968,59.3811,7.3844
1,4,ans_final,1.5807,59.5749,3.4152
1,4,ans_first,1.6421,59.7178,4.7531
1,4,cq,2.2289,64.8542,16.1999
1,4,ans_final,1.6873,65.2855,3.9822
1,5,ans_first,1.8346,6.1348,6.1348
1,5,cq,3.6324,27.3483,26.8842
1,5,ans_final,1.6546,27.6826,5.5756
1,5,ans_first,2.3671,28.9502,7.8156
1,5,cq,2.7200,53.5371,36.6931
1,5,ans_final,1.8329,53.8186,5.3054
1,5,ans_first,1.8033,54.1063,5.7952
1,5,cq,1.5830,58.4539,16.8430
1,5,ans_final,1.3198,58.7081,4.9081
1,5,ans_first,2.2234,59.2221,8.1840
1,5,cq,3.3379,68.5332,25.8040
1,5,ans_final,1.7323,69.1952,6.6901
1,5,ans_first,1.8294,70.2451,8.3621
1,5,cq,2.3661,73.9024,18.1748
1,5,ans_final,1.5815,74.3543,6.6717
1,5,ans_first,2.6052,75.1562,8.7855
1,5,cq,1.9284,77.8501,17.3168
1,5,ans_final,1.6739,78.1454,4.4439
1,5,ans_first,1.9083,78.4138,4.9299
1,5,cq,1.6108,84.0447,17.9504
1,5,ans_final,1.3472,84.3502,4.5822
1,5,ans_first,1.4954,84.4529,5.8318
1,5,cq,2.2896,96.5243,23.2993
1,5,ans_final,1.6493,96.7263,4.5242
1,6,ans_first,1.9667,5.1792,5.1792
1,6,cq,0.3710,13.1552,12.3445
1,6,ans_final,1.5301,13.3368,3.5083
1,6,ans_first,1.7738,14.1216,4.6873
1,6,cq,2.5129,38.4868,34.4132
1,6,ans_final,1.7133,38.6181,4.6977
1,6,ans_first,1.3546,39.1662,5.5218
1,6,cq,3.1475,43.9033,17.6924
1,6,ans_final,1.4820,44.1051,4.4604
1,6,ans_first,1.5855,44.3298,4.2783
1,6,cq,1.2131,47.4535,10.9591
1,6,ans_final,1.4613,47.6992,4.1375
1,6,ans_first,2.0183,48.0465,5.3895
1,6,cq,1.2438,52.5207,15.8141
1,6,ans_final,1.7156,52.9725,5.6559
1,6,ans_first,1.6791,53.0443,3.9472
1,6,cq,1.2347,55.2133,16.8484
1,6,ans_final,1.6697,55.8441,6.3023
1,6,ans_first,1.6187,56.0570,5.5023
1,6,cq,0.3305,59.9704,11.8832
1,6,ans_final,1.5000,60.4735,4.5838
1,6,ans_first,1.8627,61.3474,8.0400
1,6,cq,2.0626,68.4668,23.7493
1,6,ans_final,1.7274,69.0964,5.4922
1,7,ans_first,1.5293,8.8261,8.8261
1,7,cq,2.3783,26.7419,25.1571
1,7,ans_final,1.5097,27.3171,6.3670
1,7,ans_first,2.1789,28.3924,8.3979
1,7,cq,2.1152,35.1156,21.5044
1,7,ans_final,1.7182,35.7069,5.6610
1,7,ans_first,2.1648,36.5461,6.4508
1,7,cq,1.8352,42.5173,18.4528
1,7,ans_final,1.5802,42.9123,3.9037
1,7,ans_first,1.9639,43.5521,6.0458
1,7,cq,1.8408,48.8259,19.3892
1,7,ans_final,1.7987,49.4603,4.8568
1,7,ans_first,1.5516,49.7727,6.4880
1,7,cq,1.0512,63.6865,27.5406
1,7,ans_final,1.5312,64.0698,5.1751
1,7,ans_first,1.5084,64.6776,7.8881
1,7,cq,2.5105,76.8346,26.7159
1,7,ans_final,1.5944,77.2722,3.7060
1,7,ans_first,1.9405,77.3561,4.7439
1,7,cq,2.4114,84.9374,21.5491
1,7,ans_final,2.0268,85.5360,7.2051
1,7,ans_first,1.6587,85.9302,6.0585
1,7,cq,1.9841,91.6802,18.7171
1,7,ans_final,1.4446,91.9586,5.0594
1,8,ans_first,1.3565,4.3113,4.3113
1,8,cq,1.4856,16.2063,15.6944
1,8,ans_final,1.4716,17.4455,5.4875
1,8,ans_first,2.1942,17.9742,4.5287
1,8,cq,2.2205,30.2003,21.9523
1,8,ans_final,1.6861,30.9213,4.7418
1,8,ans_first,2.4539,31.6397,5.4231
1,8,cq,1.6661,34.7931,14.2772
1,8,ans_final,1.2314,35.3577,4.3058
1,8,ans_first,2.0682,36.2988,5.8465
1,8,cq,1.3565,41.2098,20.8029
1,8,ans_final,1.5398,41.9205,5.0629
1,8,ans_first,1.8304,42.5519,5.3820
1,8,cq,0.8156,47.5359,16.5685
1,8,ans_final,1.6239,48.0747,4.0962
1,8,ans_first,1.7744,48.2056,6.1840
1,8,cq,3.3746,53.6443,22.4101
1,8,ans_final,1.8825,54.3631,5.2037
1,8,ans_first,1.4585,54.6943,4.4972
1,8,cq,2.1841,63.1065,25.0826
1,8,ans_final,1.8444,64.1674,6.4235
1,8,ans_first,1.6748,64.6026,7.5594
1,8,cq,0.5609,69.5378,16.0711
1,8,ans_final,1.4554,70.0312,4.9927
1,9,ans_first,1.9720,5.5689,5.5689
1,9,cq,1.9139,23.5323,22.7555
1,9,ans_final,1.4556,24.0054,5.5132
1,9,ans_first,2.1082,25.0416,6.6776
1,9,cq,3.0257,37.7762,25.3207
1,9,ans_final,1.5192,38.0187,5.3164
1,9,ans_first,1.5773,38.4719,6.0576
1,9,cq,1.9658,48.8208,21.8048
1,9,ans_final,1.5962,49.1695,5.0836
1,9,ans_first,1.6602,49.7196,7.5834
1,9,cq,0.8323,55.4956,15.4665
1,9,ans_final,1.4433,55.8767,5.0976
1,9,ans_first,1.3859,56.2081,6.4049
1,9,cq,2.3579,62.3809,22.8124
1,9,ans_final,1.6596,62.9556,6.5682
1,9,ans_first,1.4434,63.4894,6.5467
1,9,cq,2.4192,79.7614,28.2335
1,9,ans_final,1.7436,79.9550,5.6851
1,9,ans_first,1.4603,80.3208,5.2310
1,9,cq,1.0708,83.1950,18.0289
1,9,ans_final,1.6498,83.7153,4.5940
1,9,ans_first,1.4926,84.0483,6.2172
1,9,cq,2.0635,93.0944,19.9447
1,9,ans_final,1.6533,93.5505,6.1664
1,10,ans_first,1.6832,5.2335,5.2335
1,10,cq,2.0102,19.2941,18.4494
1,10,ans_final,1.3159,19.5712,4.2177
1,10,ans_first,1.2977,20.4757,6.0202
1,10,cq,1.3925,28.4952,19.5182
1,10,ans_final,1.3293,28.8975,4.7399
1,10,ans_first,2.6608,31.1253,11.3795
1,10,cq,2.5960,42.8951,26.4787
1,10,ans_final,1.8095,43.7251,7.2118
1,10,ans_first,1.6307,44.2677,7.0763
1,10,cq,1.1967,49.2719,16.8350
1,10,ans_final,1.4082,49.7442,5.7751
1,10,ans_first,2.5838,50.0196,5.6491
1,10,cq,2.4652,71.6051,42.8880
1,10,ans_final,1.5537,71.9199,3.7970
1,10,ans_first,2.3126,72.3113,6.6175
1,10,cq,3.2511,79.1212,25.8076
1,10,ans_final,1.9484,79.4876,5.6671
1,10,ans_first,1.2488,79.9533,6.5345
1,10,cq,2.1785,89.0376,22.4740
1,10,ans_final,1.6767,89.0670,4.1532
1,10,ans_first,1.5405,89.4728,6.2373
1,10,cq,1.3958,95.9419,18.2302
1,10,ans_final,1.3168,96.3966,6.0304
1,11,ans_first,2.2075,7.6381,7.6381
1,11,cq,1.7733,28.2039,27.3821
1,11,ans_final,1.3654,28.5804,4.5543
1,11,ans_first,1.9398,29.4585,6.9092
1,11,cq,1.8337,52.5372,35.0358
1,11,ans_final,1.5873,52.9157,5.0597
1,11,ans_first,1.8420,52.9179,3.8892
1,11,cq,1.0590,55.6169,9.6763
1,11,ans_final,1.6722,55.9154,6.3860
1,11,ans_first,1.8709,56.4644,7.2711
1,11,cq,2.0792,66.6746,21.5834
1,11,ans_final,1.6346,66.9619,4.2466
1,11,ans_first,1.3624,66.9885,5.3053
1,11,cq,1.8086,67.3492,11.4807
1,11,ans_final,1.7229,67.7682,5.2337
1,11,ans_first,2.1001,67.8436,6.0039
1,11,cq,1.5880,78.7347,21.1473
1,11,ans_final,1.7648,79.1774,5.7855
1,11,ans_first,1.9278,79.6615,8.3285
1,11,cq,0.9445,95.8137,24.0557
1,11,ans_final,1.5839,96.0444,3.7132
1,11,ans_first,1.4910,96.2226,4.7369
1,11,cq,1.8113,99.0513,18.8533
1,11,ans_final,1.4271,99.4669,6.3939
1,12,ans_first,1.7686,8.8257,8.8257
1,12,cq,2.0436,22.8107,21.3528
1,12,ans_final,1.6717,22.9651,3.9273
1,12,ans_first,1.9909,24.3358,7.7559
1,12,cq,1.3053,32.0725,17.2617
1,12,ans_final,1.4229,32.3689,4.1370
1,12,ans_first,1.8043,32.9626,6.5763
1,12,cq,2.6104,43.7757,28.0714
1,12,ans_final,1.5283,43.9595,4.2940
1,12,ans_first,1.8654,44.8464,8.4156
1,12,cq,3.1093,56.7835,23.7496
1,12,ans_final,1.4479,56.8982,7.1321
1,12,ans_first,1.6396,56.9797,4.0736
1,12,cq,2.2473,69.1105,24.4909
1,12,ans_final,1.5758,69.1336,4.6853
1,12,ans_first,1.8407,69.1888,5.5830
1,12,cq,2.4911,77.4401,23.8689
1,12,ans_final,1.6182,77.6857,3.9350
1,12,ans_first,1.6773,77.9110,5.2625
1,12,cq,2.7932,83.9761,19.9155
1,12,ans_final,1.2399,84.2738,4.3458
1,12,ans_first,1.5839,84.4701,4.0870
1,12,cq,1.8438,90.0631,15.1790
1,12,ans_final,1.5165,90.2402,3.7865
1,13,ans_first,1.9941,6.0440,6.0440
1,13,cq,1.2882,20.0561,19.1800
1,13,ans_final,1.7910,20.7108,4.9354
1,13,ans_first,1.8162,22.0279,7.5189
1,13,cq,2.8281,37.3101,27.0901
1,13,ans_final,1.6829,37.6013,4.3587
1,13,ans_first,1.3713,37.7262,4.5532
1,13,cq,1.4340,40.9926,15.2522
1,13,ans_final,1.3327,41.3940,4.4679
1,13,ans_first,1.5568,41.5446,4.8314
1,13,cq,0.7037,49.4454,16.1781
1,13,ans_final,1.8297,49.8501,5.4541
1,13,ans_first,1.4409,50.0893,4.0352
1,13,cq,1.2686,53.8744,14.6685
1,13,ans_final,1.5432,54.5753,5.1144
1,13,ans_first,1.7259,54.8180,6.8082
1,13,cq,1.1507,60.0771,14.6010
1,13,ans_final,1.6478,60.4952,3.9324
1,13,ans_first,2.3205,60.9897,6.4470
1,13,cq,2.2734,67.7648,17.2446
1,13,ans_final,1.5671,68.2716,5.6769
1,13,ans_first,1.8407,68.5294,7.4341
1,13,cq,2.1604,79.0467,22.0976
1,13,ans_final,1.4446,79.3569,4.8255
1,14,ans_first,1.8510,5.8873,5.8873
1,14,cq,1.5927,15.0135,13.7353
1,14,ans_final,1.6015,15.8728,4.4094
1,14,ans_first,2.2110,18.8633,10.3374
1,14,cq,2.7061,33.3255,26.1719
1,14,ans_final,1.3106,33.9502,5.0902
1,14,ans_first,2.0584,34.8802,7.3506
1,14,cq,2.3447,45.5103,26.6212
1,14,ans_final,1.5802,45.8485,4.7033
1,14,ans_first,1.9424,46.4985,6.3884
1,14,cq,1.1763,49.4846,12.0483
1,14,ans_final,1.3371,49.8980,4.5378
1,14,ans_first,2.2805,49.9831,6.4444
1,14,cq,2.7859,56.2094,20.3696
1,14,ans_final,1.8957,57.1439,7.2166
1,14,ans_first,1.9006,57.0827,5.6443
1,14,cq,1.4199,59.5280,12.2732
1,14,ans_final,1.5753,59.9473,4.9930
1,14,ans_first,1.2318,60.2465,6.9448
1,14,cq,2.6764,72.0997,29.8750
1,14,ans_final,1.6735,72.3037,6.8465
1,14,ans_first,1.8550,72.3746,5.6725
1,14,cq,2.9894,75.9212,24.0866
1,14,ans_final,1.4726,76.3466,5.3531
1,15,ans_first,1.5278,5.8998,5.8998
1,15,cq,2.5487,29.4189,28.7617
1,15,ans_final,1.5786,29.8126,4.4904
1,15,ans_first,2.2095,30.2532,5.5849
1,15,cq,1.7532,48.0359,27.9044
1,15,ans_final,1.6564,48.3010,5.1163
1,15,ans_first,1.7021,48.6723,5.6973
1,15,cq,1.5333,52.9728,14.6053
1,15,ans_final,1.5403,53.1472,4.3631
1,15,ans_first,1.8602,53.2632,4.4140
1,15,cq,2.1062,68.5015,31.4092
1,15,ans_final,1.7383,68.6069,3.8012
1,15,ans_first,1.6199,68.8218,5.0578
1,15,cq,2.3408,82.4935,24.2189
1,15,ans_final,1.5751,82.8789,6.5395
1,15,ans_first,2.0592,83.0312,8.1837
1,15,cq,1.6557,90.5585,20.1559
1,15,ans_final,1.5665,90.6160,4.5213
1,15,ans_first,1.8888,90.7996,5.3654
1,15,cq,3.0772,95.1943,19.0966
1,15,ans_final,1.6038,95.1427,5.6133
1,15,ans_first,2.6915,95.6865,8.4844
1,15,cq,3.7170,113.6738,46.7568
1,15,ans_final,1.5968,113.3980,5.2253
1,16,ans_first,1.6380,5.3124,5.3124
1,16,cq,2.2335,20.0546,19.1623
1,16,ans_final,1.5998,20.6782,4.2964
1,16,ans_first,1.2664,21.0875,4.0368
1,16,cq,0.6538,26.7879,13.1775
1,16,ans_final,1.5383,27.4454,4.9432
1,16,ans_first,2.2395,28.2366,7.0238
1,16,cq,1.6407,34.3827,16.6686
1,16,ans_final,1.4955,35.0672,5.3778
1,16,ans_first,1.7069,35.3071,5.0169
1,16,cq,1.4136,39.0286,12.1407
1,16,ans_final,1.3229,39.4098,5.7228
1,16,ans_first,1.6885,40.4010,8.4595
1,16,cq,0.5563,47.3064,17.3053
1,16,ans_final,1.3679,48.1907,5.2641
1,16,ans_first,2.1563,48.9851,7.4323
1,16,cq,1.6023,62.7406,27.9043
1,16,ans_final,1.4389,63.0932,3.8152
1,16,ans_first,1.9334,64.0385,10.3816
1,16,cq,1.4039,70.0627,23.9017
1,16,ans_final,1.5366,70.4324,5.0641
1,16,ans_first,1.7982,70.4055,3.5921
1,16,cq,1.0114,74.5726,13.9684
1,16,ans_final,1.5124,75.2560,6.2294
1,17,ans_first,1.9953,8.5822,8.5822
1,17,cq,1.5325,18.5227,16.4782
1,17,ans_final,1.4907,19.2182,5.2457
1,17,ans_first,1.8444,20.5519,6.5316
1,17,cq,1.8098,26.9185,14.6632
1,17,ans_final,1.4731,26.9679,3.7841
1,17,ans_first,1.7798,27.5906,5.4830
1,17,cq,1.7191,34.8461,16.9623
1,17,ans_final,1.7674,35.2283,5.3220
1,17,ans_first,2.3305,35.8494,6.4476
1,17,cq,2.2804,48.2920,29.6119
1,17,ans_final,1.7114,48.6512,6.8669
1,17,ans_first,2.3828,49.2727,6.4461
1,17,cq,1.1949,56.5148,15.9808
1,17,ans_final,1.6258,56.8934,6.5464
1,17,ans_first,1.5407,57.1301,7.9688
1,17,cq,1.3450,63.4187,20.1002
1,17,ans_final,1.5604,63.9448,4.5710
1,17,ans_first,2.1358,64.1639,4.1814
1,17,cq,2.7358,70.2707,19.3559
1,17,ans_final,1.7125,70.6754,5.4790
1,17,ans_first,1.8106,70.8117,5.6237
1,17,cq,2.2771,76.8777,17.4350
1,17,ans_final,1.6025,77.3157,4.5511
1,18,ans_first,1.7214,6.3313,6.3313
1,18,cq,2.8704,25.2721,24.5976
1,18,ans_final,1.6142,25.7850,7.4053
1,18,ans_first,1.4564,26.7566,7.6521
1,18,cq,0.5930,30.7322,13.4809
1,18,ans_final,1.4691,31.0376,5.3140
1,18,ans_first,1.8687,31.3333,5.6053
1,18,cq,1.7589,37.9196,19.5084
1,18,ans_final,1.6589,38.6360,5.2512
1,18,ans_first,1.3829,39.0885,5.6905
1,18,cq,1.7435,45.3938,16.5680
1,18,ans_final,1.6329,45.9329,4.6131
1,18,ans_first,2.3611,45.8795,5.2634
1,18,cq,2.6208,49.9515,14.5253
1,18,ans_final,1.4629,50.5599,5.5498
1,18,ans_first,2.0454,51.1418,7.1690
1,18,cq,2.4412,56.1438,18.7681
1,18,ans_final,1.6108,56.8023,5.6642
1,18,ans_first,1.6813,57.2464,8.4882
1,18,cq,2.8437,72.2695,31.7426
1,18,ans_final,1.8388,73.1702,7.2922
1,18,ans_first,1.4750,73.4682,5.3912
1,18,cq,1.1777,77.7677,15.4474
1,18,ans_final,1.7098,78.2529,5.3881
1,19,ans_first,1.4027,6.6282,6.6282
1,19,cq,0.4689,16.2974,15.0928
1,19,ans_final,1.5975,17.1618,5.3541
1,19,ans_first,1.6947,18.0287,4.8652
1,19,cq,0.9177,22.6309,12.5524
1,19,ans_final,1.5366,23.3073,5.2597
1,19,ans_first,1.5358,23.9607,6.0758
1,19,cq,1.4896,37.8806,27.0783
1,19,ans_final,1.6537,38.4376,5.5810
1,19,ans_first,1.8460,39.0889,7.0455
1,19,cq,1.4132,43.3238,11.6726
1,19,ans_final,1.7824,43.7302,5.8942
1,19,ans_first,1.7347,44.3533,6.9261
1,19,cq,1.6020,51.9522,21.9850
1,19,ans_final,1.5613,52.2892,5.2141
1,19,ans_first,2.1040,52.8768,8.0247
1,19,cq,2.2583,55.2550,18.5249
1,19,ans_final,1.8062,55.7931,7.1159
1,19,ans_first,2.3568,56.2107,7.6387
1,19,cq,1.3266,58.4093,14.2203
1,19,ans_final,1.4454,58.7300,4.2639
1,19,ans_first,1.6116,59.0713,5.7204
1,19,cq,2.2794,63.4515,19.1685
1,19,ans_final,1.3879,64.0044,5.6306
1,20,ans_first,1.5667,5.5376,5.5376
1,20,cq,1.7696,13.9317,12.7230
1,20,ans_final,1.5032,14.5066,5.2469
1,20,ans_first,1.9066,16.1947,7.5857
1,20,cq,1.7714,45.3728,40.0913
1,20,ans_final,1.0579,46.0261,7.4057
1,20,ans_first,1.9416,46.2706,5.2441
1,20,cq,1.6053,49.9690,15.5010
1,20,ans_final,1.3866,50.0642,4.0588
1,20,ans_first,1.7817,50.4961,5.7907
1,20,cq,0.8938,52.5371,18.1723
1,20,ans_final,1.6507,52.6298,4.0019
1,20,ans_first,1.6604,52.9767,6.4511
1,20,cq,1.5958,55.9326,18.2302
1,20,ans_final,1.7345,56.5483,6.3053
1,20,ans_first,1.8581,57.2360,8.8072
1,20,cq,1.9963,65.9746,24.6557
1,20,ans_final,1.6065,66.1593,5.3263
1,20,ans_first,1.6318,66.7364,8.6090
1,20,cq,1.1589,72.1265,20.3887
1,20,ans_final,1.3562,72.8648,6.0021
1,20,ans_first,1.5780,72.9854,4.8638
1,20,cq,1.5066,78.3664,16.8808
1,20,ans_final,1.8269,78.7863,6.5182
1,21,ans_first,2.0660,8.2429,8.2429
1,21,cq,2.9290,31.1772,29.5810
1,21,ans_final,1.7561,31.5032,6.6430
1,21,ans_first,2.2287,33.3938,9.5358
1,21,cq,1.8568,37.8750,15.7184
1,21,ans_final,1.7394,38.3529,7.2593
1,21,ans_first,2.1154,39.2954,8.0318
1,21,cq,2.1910,42.8497,13.7467
1,21,ans_final,1.5562,43.3185,6.1363
1,21,ans_first,1.7512,43.7144,7.4408
1,21,cq,0.4279,44.8922,11.7367
1,21,ans_final,1.5356,45.3674,5.6827
1,21,ans_first,1.6306,45.3992,3.8068
1,21,cq,2.2369,50.9243,18.6968
1,21,ans_final,1.7324,51.3328,5.6757
1,21,ans_first,1.8446,51.5227,4.2830
1,21,cq,2.0164,55.6607,23.1546
1,21,ans_final,1.6300,56.0192,4.8972
1,21,ans_first,1.9186,56.5176,7.9995
1,21,cq,3.0340,62.5811,22.2464
1,21,ans_final,1.5217,63.3598,5.8675
1,21,ans_first,1.9202,63.9328,5.1205
1,21,cq,1.9168,66.3709,19.2298
1,21,ans_final,1.7557,67.0162,5.6057
1,22,ans_first,1.7263,6.0757,6.0757
1,22,cq,1.8902,25.6853,24.8656
1,22,ans_final,1.9979,26.3654,5.7968
1,22,ans_first,1.4593,26.5650,3.9429
1,22,cq,1.5675,31.2620,16.5637
1,22,ans_final,1.7710,31.9896,5.8570
1,22,ans_first,2.0676,32.5651,4.9158
1,22,cq,0.7529,37.2044,14.6974
1,22,ans_final,1.5336,37.4520,3.6031
1,22,ans_first,1.9637,38.4669,9.0677
1,22,cq,2.8802,40.7122,18.2046
1,22,ans_final,1.5599,41.0850,4.7275
1,22,ans_first,2.0717,42.7709,9.4532
1,22,cq,1.5897,45.2575,11.7905
1,22,ans_final,1.4758,45.5285,3.4254
1,22,ans_first,2.0372,46.1578,6.9531
1,22,cq,2.5295,52.0833,22.0400
1,22,ans_final,1.6965,52.5864,4.9629
1,22,ans_first,1.9477,52.7510,6.3450
1,22,cq,0.7322,52.7855,10.4787
1,22,ans_final,1.2894,53.0599,4.3174
1,22,ans_first,1.5784,53.3663,6.3383
1,22,cq,1.0772,61.0795,20.6319
1,22,ans_final,1.2816,61.6269,5.0565
1,23,ans_first,2.0061,7.9096,7.9096
1,23,cq,1.0662,18.0839,16.4929
1,23,ans_final,1.2867,18.6716,4.4236
1,23,ans_first,2.0022,19.9191,6.7049
1,23,cq,1.1361,26.4389,15.7532
1,23,ans_final,1.4894,26.7659,4.4658
1,23,ans_first,1.8856,27.4150,5.5060
1,23,cq,3.6729,36.0855,24.1138
1,23,ans_final,1.5394,36.4874,4.3981
1,23,ans_first,1.4865,36.9763,5.7574
1,23,cq,1.1028,41.7759,15.9210
1,23,ans_final,1.5496,42.4457,5.2971
1,23,ans_first,1.4911,42.7343,9.1727
1,23,cq,1.8025,48.9757,21.1750
1,23,ans_final,1.3935,49.3482,3.7712
1,23,ans_first,1.8519,50.1107,9.1634
1,23,cq,3.2252,59.3573,32.1988
1,23,ans_final,1.5877,59.6734,5.7731
1,23,ans_first,2.1511,60.7784,11.3069
1,23,cq,1.5634,64.7120,17.2372
1,23,ans_final,1.4875,65.0044,5.2049
1,23,ans_first,1.7022,65.2225,6.4075
1,23,cq,0.7206,70.9519,16.0451
1,23,ans_final,1.5517,71.3225,4.2260
1,24,ans_first,1.2370,6.5338,6.5338
1,24,cq,0.6770,15.8825,14.3579
1,24,ans_final,1.4261,16.7149,5.4216
1,24,ans_first,1.6360,17.5218,5.4861
1,24,cq,1.6319,31.2714,23.6277
1,24,ans_final,1.5188,31.5106,5.0353
1,24,ans_first,2.1743,32.3784,7.6943
1,24,cq,0.9014,37.3023,13.5382
1,24,ans_final,1.7790,37.7709,6.0208
1,24,ans_first,1.9703,38.3654,6.0891
1,24,cq,1.9984,45.3906,19.2086
1,24,ans_final,1.6592,45.8972,5.6652
1,24,ans_first,2.3315,46.2469,6.2396
1,24,cq,1.5526,51.3963,16.4656
1,24,ans_final,1.4943,51.8376,5.5823
1,24,ans_first,1.9202,51.9403,3.4984
1,24,cq,1.1386,58.0449,15.1846
1,24,ans_final,1.6965,58.3804,5.7170
1,24,ans_first,2.1245,58.5096,4.4083
1,24,cq,1.3323,60.2185,11.2299
1,24,ans_final,1.4134,60.5499,4.0127
1,24,ans_first,1.3322,60.7555,5.7641
1,24,cq,2.2085,66.2145,18.5692
1,24,ans_final,1.8046,66.6540,6.1642
1,25,ans_first,2.5028,6.8402,6.8402
1,25,cq,1.8827,21.8739,20.4199
1,25,ans_final,1.7844,22.8561,5.9057
1,25,ans_first,2.0448,23.6753,5.9548
1,25,cq,1.0084,28.0170,12.8263
1,25,ans_final,1.6749,28.5309,4.6805
1,25,ans_first,1.5318,29.5075,7.5319
1,25,cq,1.3279,33.0528,12.2682
1,25,ans_final,1.6321,34.0835,6.4958
1,25,ans_first,2.2048,34.4654,5.8088
1,25,cq,1.5984,36.4428,11.5125
1,25,ans_final,1.5032,37.1059,4.4896
1,25,ans_first,1.9014,37.7283,5.8380
1,25,cq,1.7729,42.0522,14.4732
1,25,ans_final,1.5605,42.7378,4.9266
1,25,ans_first,1.8242,43.0090,8.0536
1,25,cq,1.6474,45.6327,18.0280
1,25,ans_final,1.5001,46.0732,4.5450
1,25,ans_first,1.8655,46.5759,6.9220
1,25,cq,2.2729,51.9725,20.7814
1,25,ans_final,1.4044,52.4163,5.1913
1,25,ans_first,1.5084,52.6116,4.9938
1,25,cq,1.0203,55.5853,16.0973
1,25,ans_final,1.6544,55.9934,4.9708
1,26,ans_first,1.7516,5.6961,5.6961
1,26,cq,2.6586,23.9575,23.2001
1,26,ans_final,1.3069,24.3304,4.2119
1,26,ans_first,1.4878,24.8730,5.5417
1,26,cq,0.5610,27.6264,14.3605
1,26,ans_final,1.6267,28.7386,6.2402
1,26,ans_first,1.6549,29.3124,6.7523
1,26,cq,2.1133,36.1231,18.0952
1,26,ans_final,1.4819,36.7520,4.5013
1,26,ans_first,2.0150,37.8199,6.7512
1,26,cq,2.1275,41.4685,21.2056
1,26,ans_final,1.5303,41.8584,4.1517
1,26,ans_first,2.0590,43.3049,10.2260
1,26,cq,2.4393,49.9313,20.8172
1,26,ans_final,1.4073,50.4201,5.4614
1,26,ans_first,2.6112,50.7930,7.2338
1,26,cq,1.8836,54.7164,18.5982
1,26,ans_final,1.7244,55.2830,3.9673
1,26,ans_first,1.5588,55.3331,5.6038
1,26,cq,0.9649,57.2843,15.5738
1,26,ans_final,1.2829,57.6712,3.4643
1,26,ans_first,2.0475,57.8223,5.9855
1,26,cq,1.6208,59.2320,11.5102
1,26,ans_final,1.4145,59.6628,3.7737
1,27,ans_first,1.9124,5.8589,5.8589
1,27,cq,1.1524,11.7713,9.9680
1,27,ans_final,1.5219,12.5836,4.7959
1,27,ans_first,1.6554,14.0155,6.3521
1,27,cq,0.5901,19.9179,14.1604
1,27,ans_final,1.7351,20.8317,5.0562
1,27,ans_first,1.2050,21.8023,6.3846
1,27,cq,2.8333,32.9776,25.1646
1,27,ans_final,2.0009,33.4396,6.5058
1,27,ans_first,2.0808,34.0426,8.3327
1,27,cq,1.5504,39.4825,17.9997
1,27,ans_final,1.5038,39.8899,3.8516
1,27,ans_first,1.4874,40.4422,6.9144
1,27,cq,1.2754,50.9139,23.8990
1,27,ans_final,1.4641,51.6774,5.7222
1,27,ans_first,2.0799,51.6842,5.9621
1,27,cq,1.3063,56.2334,19.1761
1,27,ans_final,1.5243,56.9590,5.3935
1,27,ans_first,1.6521,57.1317,4.7781
1,27,cq,1.2748,58.7655,13.5364
1,27,ans_final,1.5270,59.5895,5.3054
1,27,ans_first,2.6342,59.8425,6.4914
1,27,cq,2.5167,63.5999,17.1531
1,27,ans_final,1.5501,64.1702,4.3504
1,28,ans_first,1.6718,7.3754,7.3754
1,28,cq,1.8355,16.8448,15.2327
1,28,ans_final,1.5512,17.3645,4.0189
1,28,ans_first,1.8678,18.3814,6.4439
1,28,cq,2.0441,36.1727,29.0980
1,28,ans_final,1.7487,36.4614,5.7069
1,28,ans_first,1.6055,37.0482,6.5249
1,28,cq,0.6840,43.4527,17.3597
1,28,ans_final,1.6043,43.9973,6.3972
1,28,ans_first,1.9907,44.2712,6.8845
1,28,cq,2.0500,50.2359,19.8206
1,28,ans_final,1.4879,50.5710,5.0828
1,28,ans_first,1.5323,50.8246,5.1562
1,28,cq,1.0322,54.4706,15.1508
1,28,ans_final,1.3337,54.8771,4.9978
1,28,ans_first,1.4361,55.4614,7.0387
1,28,cq,2.3066,65.6203,26.3390
1,28,ans_final,1.8717,65.9718,5.7676
1,28,ans_first,1.5490,66.0760,5.7561
1,28,cq,1.1369,69.1066,16.8508
1,28,ans_final,1.4221,69.4598,4.8419
1,28,ans_first,1.6203,69.6370,4.7348
1,28,cq,1.4582,73.8661,12.8936
1,28,ans_final,1.8313,74.2639,6.3025
1,29,ans_first,1.5629,5.8165,5.8165
1,29,cq,1.3201,16.9926,15.4273
1,29,ans_final,1.4474,17.4552,4.7228
1,29,ans_first,1.8293,18.1516,5.0406
1,29,cq,0.8781,31.4852,25.5364
1,29,ans_final,1.2896,31.9962,5.4581
1,29,ans_first,1.5265,33.0657,8.4034
1,29,cq,2.6054,43.9057,30.6864
1,29,ans_final,1.4295,44.2287,4.9966
1,29,ans_first,2.2792,44.6890,6.8986
1,29,cq,2.3010,48.3376,20.6016
1,29,ans_final,1.8435,48.7291,5.1302
1,29,ans_first,1.1832,49.1552,7.1937
1,29,cq,2.2767,54.7341,26.9840
1,29,ans_final,1.8089,55.3567,7.2292
1,29,ans_first,1.3439,55.2855,4.1875
1,29,cq,2.4177,63.4384,28.6731
1,29,ans_final,1.7367,64.0316,5.1386
1,29,ans_first,1.6380,64.1380,6.2282
1,29,cq,1.4305,68.2874,18.7301
1,29,ans_final,1.5333,68.6403,5.3593
1,29,ans_first,1.1677,68.7450,4.3569
1,29,cq,1.7233,71.3107,15.6752
1,29,ans_final,1.7800,71.7055,4.9690
1,30,ans_first,1.6055,5.8058,5.8058
1,30,cq,1.9755,18.9617,18.1816
1,30,ans_final,1.6899,19.7941,5.5423
1,30,ans_first,2.1534,20.8993,5.8331
1,30,cq,1.1770,24.8068,13.2002
1,30,ans_final,1.3922,25.0521,3.9884
1,30,ans_first,1.8123,26.6440,10.0236
1,30,cq,2.2044,44.7050,35.0482
1,30,ans_final,1.6000,45.1258,7.4748
1,30,ans_first,1.9083,45.5826,7.0013
1,30,cq,1.8018,49.9222,16.2531
1,30,ans_final,1.5869,50.2903,5.7267
1,30,ans_first,1.2509,50.4644,5.2778
1,30,cq,1.7054,55.2131,19.1593
1,30,ans_final,1.9704,56.0851,9.2694
1,30,ans_first,1.8427,56.9043,9.4644
1,30,cq,1.5735,64.6166,24.4201
1,30,ans_final,1.4437,64.8109,4.1862
1,30,ans_first,2.2843,65.3210,8.9124
1,30,cq,2.0111,68.7437,24.3493
1,30,ans_final,1.9035,69.2515,7.6627
1,30,ans_first,1.5143,69.6549,6.1846
1,30,cq,1.4995,72.5508,12.9694
1,30,ans_final,1.7929,72.9139,6.4823
1,31,ans_first,2.3095,8.4141,8.4141
1,31,cq,2.5179,20.7018,19.4313
1,31,ans_final,1.7689,20.9249,4.4998
1,31,ans_first,1.4947,21.5811,5.3357
1,31,cq,1.5502,26.8052,16.4409
1,31,ans_final,1.5429,27.4213,4.9055
1,31,ans_first,1.7408,28.2125,6.2663
1,31,cq,2.1541,33.2799,17.2611
1,31,ans_final,1.6555,33.9969,7.3371
1,31,ans_first,1.6773,34.5275,5.8658
1,31,cq,1.7770,41.5245,20.0779
1,31,ans_final,1.8205,42.0715,6.2740
1,31,ans_first,1.7939,43.0162,8.1499
1,31,cq,1.7668,47.0031,20.2154
1,31,ans_final,1.7017,47.3954,4.6045
1,31,ans_first,1.3068,47.8288,5.7326
1,31,cq,0.6909,51.2967,16.9962
1,31,ans_final,1.4570,51.7455,4.3604
1,31,ans_first,2.2182,52.1799,8.2678
1,31,cq,1.8127,56.3186,16.6154
1,31,ans_final,1.3711,56.5486,3.9147
1,31,ans_first,1.9108,57.3314,8.9826
1,31,cq,1.5099,64.0118,21.8247
1,31,ans_final,1.9392,64.7409,7.6373
1,32,ans_first,2.1607,6.7401,6.7401
1,32,cq,2.1419,22.8234,22.0009
1,32,ans_final,1.7243,23.4190,6.4298
1,32,ans_first,2.6155,24.8738,7.8708
1,32,cq,1.9879,32.6008,20.4090
1,32,ans_final,1.5617,33.5699,6.2048
1,32,ans_first,1.9896,34.2199,6.0056
1,32,cq,1.3937,43.2416,24.2095
1,32,ans_final,1.2093,43.5720,4.0344
1,32,ans_first,1.8503,43.6540,4.8104
1,32,cq,1.6466,47.0918,15.9172
1,32,ans_final,1.8658,47.3607,5.0259
1,32,ans_first,1.6303,47.5831,5.7346
1,32,cq,1.5120,49.4138,17.8722
1,32,ans_final,1.4458,49.7957,5.9504
1,32,ans_first,2.0099,50.3668,6.6355
1,32,cq,1.8477,52.4402,15.0838
1,32,ans_final,1.6935,52.9707,5.1553
1,32,ans_first,1.7301,53.3737,5.2636
1,32,cq,1.0196,55.2126,14.7289
1,32,ans_final,1.6817,55.6402,4.4755
1,32,ans_first,2.3783,55.9663,6.5041
1,32,cq,2.2220,60.0223,17.9122
1,32,ans_final,1.3448,60.8246,5.2512
1,33,ans_first,1.8454,4.3868,4.3868
1,33,cq,1.9797,23.8486,23.4974
1,33,ans_final,1.6324,24.3048,5.9525
1,33,ans_first,1.6209,24.9096,4.8972
1,33,cq,0.9105,27.5044,15.1249
1,33,ans_final,1.3694,27.7081,4.2933
1,33,ans_first,2.3825,28.4487,6.4104
1,33,cq,2.9026,44.8022,34.7528
1,33,ans_final,1.7480,45.0498,7.7094
1,33,ans_first,1.7688,45.4588,6.5513
1,33,cq,0.9395,47.7128,12.9315
1,33,ans_final,1.3259,47.9394,5.1489
1,33,ans_first,2.3663,48.5009,6.5553
1,33,cq,2.0754,50.5431,14.3489
1,33,ans_final,1.8315,50.9658,5.3715
1,33,ans_first,1.0485,51.2407,6.5173
1,33,cq,2.0453,53.7379,15.0358
1,33,ans_final,1.5355,54.0821,5.0386
1,33,ans_first,2.0231,54.7116,6.6879
1,33,cq,1.7406,58.2727,18.5427
1,33,ans_final,1.5259,58.6926,6.1424
1,33,ans_first,2.1807,59.6716,9.7909
1,33,cq,1.9068,64.9700,21.3834
1,33,ans_final,1.7388,65.7285,7.8771
1,34,ans_first,2.0044,6.6411,6.6411
1,34,cq,1.1006,16.0218,14.5220
1,34,ans_final,1.5289,16.9695,5.7244
1,34,ans_first,2.2026,18.2101,6.8920
1,34,cq,2.2033,31.0685,24.0952
1,34,ans_final,1.3770,31.4313,3.7451
1,34,ans_first,2.1101,31.9525,5.9574
1,34,cq,1.4641,36.5297,16.1227
1,34,ans_final,1.3232,36.8026,4.6866
1,34,ans_first,2.7548,37.2500,7.3748
1,34,cq,2.6000,42.4876,17.7386
1,34,ans_final,1.4576,43.1820,6.0589
1,34,ans_first,1.2297,43.3239,4.3968
1,34,cq,1.5940,46.2559,12.6667
1,34,ans_final,1.4692,46.6445,4.2266
1,34,ans_first,1.5307,46.7947,5.0202
1,34,cq,1.5043,49.8178,17.0557
1,34,ans_final,1.5899,50.3949,5.4456
1,34,ans_first,1.4920,50.7953,5.1320
1,34,cq,2.4750,55.6634,19.3732
1,34,ans_final,1.7460,56.0978,4.2321
1,34,ans_first,1.7386,56.1764,4.8713
1,34,cq,1.8808,62.9005,23.0007
1,34,ans_final,1.6306,63.3091,4.0619
1,35,ans_first,2.5318,6.8756,6.8756
1,35,cq,1.6261,20.1085,18.8127
1,35,ans_final,1.4635,20.7568,5.1943
1,35,ans_first,2.7581,24.3232,12.9888
1,35,cq,1.7786,32.4308,22.0697
1,35,ans_final,1.6134,32.6792,5.3286
1,35,ans_first,1.6284,32.9406,4.9552
1,35,cq,1.6837,37.3217,16.8916
1,35,ans_final,1.7349,37.6259,5.7564
1,35,ans_first,1.6523,38.2528,5.8218
1,35,cq,1.2723,41.6971,13.4623
1,35,ans_final,1.6081,42.1848,4.4791
1,35,ans_first,2.0990,42.8497,6.5695
1,35,cq,2.4336,48.1300,20.6782
1,35,ans_final,2.0062,48.6851,6.3827
1,35,ans_first,1.9573,49.3018,7.2929
1,35,cq,2.5105,52.0094,16.7925
1,35,ans_final,1.7250,52.2638,5.0987
1,35,ans_first,1.7527,52.6949,6.3366
1,35,cq,1.8045,56.4657,17.0489
1,35,ans_final,1.5957,57.0683,5.2039
1,35,ans_first,1.3865,57.3168,6.3635
1,35,cq,0.4053,58.5951,10.6289
1,35,ans_final,1.3389,58.9156,3.3829
1,36,ans_first,1.9036,5.9242,5.9242
1,36,cq,1.3282,18.7310,18.0673
1,36,ans_final,1.3426,19.2449,3.7817
1,36,ans_first,1.9407,20.3630,6.5589
1,36,cq,1.2349,25.5504,14.8432
1,36,ans_final,1.5550,26.8065,6.6797
1,36,ans_first,1.9982,29.0831,10.2618
1,36,cq,2.3931,39.7877,26.0200
1,36,ans_final,1.5428,40.4124,5.2351
1,36,ans_first,1.4156,40.5337,4.4530
1,36,cq,1.4201,44.5466,16.9083
1,36,ans_final,1.7356,45.8061,7.5711
1,36,ans_first,1.8983,46.0795,6.1945
1,36,cq,1.6835,48.3806,14.0893
1,36,ans_final,1.8009,49.0249,6.1476
1,36,ans_first,1.9250,49.4716,6.8072
1,36,cq,2.3098,53.3123,17.3434
1,36,ans_final,2.0155,53.8786,5.9665
1,36,ans_first,1.8305,54.4197,5.2455
1,36,cq,2.1610,58.6420,18.6021
1,36,ans_final,1.4160,59.0221,4.4055
1,36,ans_first,1.9465,59.0402,5.8746
1,36,cq,2.1716,63.3342,20.4775
1,36,ans_final,1.4144,63.6589,4.1736
1,37,ans_first,1.7868,5.8064,5.8064
1,37,cq,0.6555,14.6444,13.5615
1,37,ans_final,1.3727,14.7950,3.4431
1,37,ans_first,1.4151,16.3339,6.5386
1,37,cq,1.6826,25.9349,19.3202
1,37,ans_final,1.0906,26.3879,3.8681
1,37,ans_first,1.3206,27.0753,5.4834
1,37,cq,0.7973,29.7437,10.9131
1,37,ans_final,1.8547,30.2796,6.4392
1,37,ans_first,1.7200,30.9879,6.4884
1,37,cq,2.0711,38.5014,20.2525
1,37,ans_final,1.8611,38.6226,5.5169
1,37,ans_first,1.3895,39.2615,7.2909
1,37,cq,2.0530,41.1550,16.6130
1,37,ans_final,1.7517,41.8123,6.7913
1,37,ans_first,1.7077,42.3002,6.8615
1,37,cq,0.9362,44.1201,11.6329
1,37,ans_final,1.3437,44.3706,6.7394
1,37,ans_first,1.2403,44.7867,6.2695
1,37,cq,1.0333,47.4509,13.2018
1,37,ans_final,1.7754,48.0094,6.0649
1,37,ans_first,1.7807,48.6348,6.8630
1,37,cq,1.7971,51.8816,14.0623
1,37,ans_final,1.8232,52.2325,4.0740
1,38,ans_first,1.8830,6.7945,6.7945
1,38,cq,1.4455,20.2231,19.0465
1,38,ans_final,1.7300,20.4330,4.0689
1,38,ans_first,2.0575,21.4312,6.3774
1,38,cq,2.3340,28.1425,17.4312
1,38,ans_final,1.4782,28.3582,3.3606
1,38,ans_first,2.6904,29.5265,7.9008
1,38,cq,1.8735,34.5049,18.9331
1,38,ans_final,1.7241,34.9168,5.6654
1,38,ans_first,1.9256,35.4176,6.4360
1,38,cq,1.7451,39.3290,17.3972
1,38,ans_final,1.6649,39.6389,3.9324
1,38,ans_first,1.9833,40.1524,7.9244
1,38,cq,1.4963,43.5487,17.5351
1,38,ans_final,1.6718,44.0963,6.6556
1,38,ans_first,1.7871,44.6722,6.8845
1,38,cq,1.4584,48.4699,22.4976
1,38,ans_final,1.5502,48.8278,5.2167
1,38,ans_first,2.0851,49.9013,8.6418
1,38,cq,0.8083,53.3576,16.5360
1,38,ans_final,1.5417,53.7591,5.5405
1,38,ans_first,1.8209,53.8549,4.2294
1,38,cq,0.5457,55.6229,12.1235
1,38,ans_final,1.1863,55.8002,3.0953
1,39,ans_first,1.5977,5.4771,5.4771
1,39,cq,2.4205,21.5453,20.7580
1,39,ans_final,1.7520,22.0068,5.4032
1,39,ans_first,2.5676,23.0917,7.5388
1,39,cq,2.2178,29.5944,18.8820
1,39,ans_final,1.4892,29.5975,4.0690
1,39,ans_first,1.4390,30.2137,5.1246
1,39,cq,1.9753,37.4538,18.9694
1,39,ans_final,1.6315,37.8369,4.9461
1,39,ans_first,2.1116,38.6818,8.4611
1,39,cq,2.0741,47.3312,26.9483
1,39,ans_final,1.5859,47.4661,4.9835
1,39,ans_first,1.1153,47.7437,4.6585
1,39,cq,0.9963,50.8332,14.1513
1,39,ans_final,1.5815,51.2653,5.6943
1,39,ans_first,1.5154,52.0519,8.6248
1,39,cq,2.0526,55.8796,18.8145
1,39,ans_final,1.9245,56.9173,9.2374
1,39,ans_first,2.2034,57.5592,8.0539
1,39,cq,1.3040,61.4975,18.8835
1,39,ans_final,1.6792,62.0024,4.8166
1,39,ans_first,1.3620,62.2931,5.5864
1,39,cq,1.5932,64.6178,13.6611
1,39,ans_final,1.6024,64.7271,5.3800
1,40,ans_first,2.0116,8.1238,8.1238
1,40,cq,1.7196,20.1316,19.1490
1,40,ans_final,1.9154,21.7344,7.9077
1,40,ans_first,2.3821,23.5811,8.9913
1,40,cq,1.8491,28.7570,17.3855
1,40,ans_final,1.3557,29.0862,4.3144
1,40,ans_first,1.8226,29.9849,6.2710
1,40,cq,1.8630,42.8160,27.1968
1,40,ans_final,1.5948,42.9914,4.5573
1,40,ans_first,2.3086,43.5762,6.2390
1,40,cq,1.2353,48.1313,16.0568
1,40,ans_final,1.8490,48.2542,5.1527
1,40,ans_first,2.1868,49.0582,6.7312
1,40,cq,2.3979,51.0672,19.5529
1,40,ans_final,1.5041,51.4075,4.3026
1,40,ans_first,1.9850,51.6563,7.0340
1,40,cq,0.3498,51.4994,11.1465
1,40,ans_final,1.4672,51.6737,4.3154
1,40,ans_first,1.7527,52.0314,6.3033
1,40,cq,2.1221,55.2418,17.1551
1,40,ans_final,1.4187,55.3603,3.4787
1,40,ans_first,1.6385,55.3754,5.3375
1,40,cq,1.7741,57.7889,18.5086
1,40,ans_final,1.5985,58.4616,6.4444
1,41,ans_first,1.7632,10.1383,10.1383
1,41,cq,1.1586,14.3149,11.2714
1,41,ans_final,1.3981,15.0815,5.0641
1,41,ans_first,1.6785,16.5879,6.7169
1,41,cq,0.6820,19.6910,10.5850
1,41,ans_final,1.4717,20.5384,5.2277
1,41,ans_first,1.6791,21.3182,5.4084
1,41,cq,0.5740,27.4286,15.9277
1,41,ans_final,1.4899,27.9351,5.0525
1,41,ans_first,2.0122,28.6405,6.9437
1,41,cq,1.3404,33.6452,15.4424
1,41,ans_final,1.3606,34.1523,5.2183
1,41,ans_first,2.2896,34.9633,8.1776
1,41,cq,1.4388,40.2715,17.5794
1,41,ans_final,1.5342,40.4523,5.5439
1,41,ans_first,1.4674,41.1258,8.2429
1,41,cq,2.4906,47.2570,25.9055
1,41,ans_final,1.5253,47.8258,6.9062
1,41,ans_first,1.8072,48.2786,5.4387
1,41,cq,2.2153,51.4204,16.1338
1,41,ans_final,1.6054,51.6586,4.8527
1,41,ans_first,1.6855,51.9235,6.3819
1,41,cq,1.7660,53.7044,13.4919
1,41,ans_final,1.7689,54.1247,5.9848
1,42,ans_first,1.7407,5.4474,5.4474
1,42,cq,0.6569,13.9380,13.1476
1,42,ans_final,1.5423,14.7344,5.4056
1,42,ans_first,1.8214,15.8922,5.9138
1,42,cq,1.8961,22.3709,16.6190
1,42,ans_final,1.7550,23.4952,6.4516
1,42,ans_first,1.2279,23.8320,4.5146
1,42,cq,1.2933,28.6060,16.4170
1,42,ans_final,1.6727,29.2246,6.0491
1,42,ans_first,1.8453,29.8025,5.8303
1,42,cq,1.0963,37.6877,21.3072
1,42,ans_final,1.5129,37.8752,4.5786
1,42,ans_first,1.9211,38.7383,6.0013
1,42,cq,1.9041,42.1531,22.0370
1,42,ans_final,1.6659,42.5869,6.1534
1,42,ans_first,1.8426,43.1414,6.5723
1,42,cq,2.5088,47.1379,17.7159
1,42,ans_final,1.5041,47.2958,4.2598
1,42,ans_first,2.0135,47.6230,5.4155
1,42,cq,2.1854,53.4517,18.3720
1,42,ans_final,1.8174,53.8756,5.6104
1,42,ans_first,1.9583,53.7672,8.0098
1,42,cq,2.1279,60.3865,22.2749
1,42,ans_final,1.6520,60.5833,4.4175
1,43,ans_first,1.8269,7.0400,7.0400
1,43,cq,1.6266,17.3958,16.0598
1,43,ans_final,1.5156,18.3388,6.2223
1,43,ans_first,2.2362,19.6088,6.9723
1,43,cq,1.3771,23.8983,11.9235
1,43,ans_final,1.6900,24.4541,5.3969
1,43,ans_first,1.8159,25.4599,6.4616
1,43,cq,1.5114,30.3052,15.0465
1,43,ans_final,1.5871,30.6902,4.8340
1,43,ans_first,1.5758,31.4039,5.3008
1,43,cq,1.5525,35.9833,12.8482
1,43,ans_final,1.6386,36.3714,4.7639
1,43,ans_first,1.6415,37.0345,5.3044
1,43,cq,1.0876,39.3506,12.5108
1,43,ans_final,1.6597,39.8857,4.2629
1,43,ans_first,2.0679,40.2304,5.6633
1,43,cq,2.2118,44.7946,20.3470
1,43,ans_final,1.4711,45.0645,4.5797
1,43,ans_first,2.1519,45.6381,6.0976
1,43,cq,1.7047,49.9269,15.9125
1,43,ans_final,1.6183,50.2858,4.3767
1,43,ans_first,1.7358,50.6401,7.7238
1,43,cq,2.5894,55.0034,21.3090
1,43,ans_final,1.5232,55.6637,7.0471
1,44,ans_first,1.4735,3.6848,3.6848
1,44,cq,1.3439,23.7035,23.3744
1,44,ans_final,1.4834,24.0977,5.5562
1,44,ans_first,2.0163,25.6527,7.9888
1,44,cq,1.5040,34.4030,19.6198
1,44,ans_final,1.6589,34.7129,6.5456
1,44,ans_first,1.8592,36.3770,11.9698
1,44,cq,1.4266,39.5075,15.8113
1,44,ans_final,1.5973,39.9016,8.2238
1,44,ans_first,1.6720,40.2644,4.5099
1,44,cq,1.8284,54.0164,35.4393
1,44,ans_final,1.2282,54.3922,4.2964
1,44,ans_first,1.9428,54.7427,6.3917
1,44,cq,1.6776,59.0553,23.2158
1,44,ans_final,1.5839,59.5569,5.6382
1,44,ans_first,1.7703,59.6922,5.3792
1,44,cq,1.6537,61.3374,13.6713
1,44,ans_final,1.7845,61.9562,5.7482
1,44,ans_first,1.6051,62.5115,6.4855
1,44,cq,1.4404,65.7880,14.6843
1,44,ans_final,1.3543,66.3048,5.0769
1,44,ans_first,1.4927,66.4492,5.1033
1,44,cq,1.8017,68.2135,14.7908
1,44,ans_final,1.6130,68.4000,5.3600
1,45,ans_first,2.1587,5.4782,5.4782
1,45,cq,2.1610,16.0824,15.1389
1,45,ans_final,1.5706,16.8681,5.5714
1,45,ans_first,1.4346,17.8513,6.1934
1,45,cq,1.6256,22.2461,14.0247
1,45,ans_final,1.7554,22.9826,5.1055
1,45,ans_first,2.0419,24.1101,8.6169
1,45,cq,2.7142,39.9439,32.5151
1,45,ans_final,1.6159,40.5617,6.7559
1,45,ans_first,1.7981,40.9825,7.3294
1,45,cq,0.4553,41.5077,11.8739
1,45,ans_final,1.2622,41.8573,3.6376
1,45,ans_first,2.0899,43.1494,10.3098
1,45,cq,2.5487,48.9098,23.7569
1,45,ans_final,1.8550,49.2103,5.4037
1,45,ans_first,1.6488,49.5291,5.5056
1,45,cq,1.4274,52.0833,15.6293
1,45,ans_final,1.5798,52.6717,5.9855
1,45,ans_first,1.9321,52.8629,5.7583
1,45,cq,3.0045,57.9980,19.8504
1,45,ans_final,1.5494,58.4565,4.2114
1,45,ans_first,2.3277,58.7341,7.1598
1,45,cq,1.3511,60.0011,14.3006
1,45,ans_final,1.5508,60.5855,3.9349
1,46,ans_first,2.2805,6.7851,6.7851
1,46,cq,1.4069,16.9925,15.4178
1,46,ans_final,1.8833,17.4036,5.4491
1,46,ans_first,2.2995,18.3275,5.3520
1,46,cq,0.8670,19.5508,8.0245
1,46,ans_final,1.6012,19.7394,3.8312
1,46,ans_first,2.0668,20.5341,5.2994
1,46,cq,1.8476,29.8493,20.1308
1,46,ans_final,1.6621,30.0540,4.5553
1,46,ans_first,1.8035,30.5896,5.9663
1,46,cq,1.6895,33.5670,14.1183
1,46,ans_final,1.8280,33.9729,7.3588
1,46,ans_first,1.4133,35.3380,8.7321
1,46,cq,1.4029,44.6550,25.8183
1,46,ans_final,1.6507,45.6008,6.3174
1,46,ans_first,1.4770,45.7866,6.0572
1,46,cq,1.5128,52.4427,23.5755
1,46,ans_final,1.3312,52.8239,4.4577
1,46,ans_first,2.2188,53.3134,6.6722
1,46,cq,2.5893,59.9211,28.1997
1,46,ans_final,1.7385,60.1212,5.3842
1,46,ans_first,1.3377,60.6983,7.6607
1,46,cq,0.4367,60.4616,11.9525
1,46,ans_final,1.1662,60.5966,3.5489
1,47,ans_first,2.5047,6.4330,6.4330
1,47,cq,1.4559,14.5464,13.0665
1,47,ans_final,1.7198,15.4041,5.3376
1,47,ans_first,1.8916,16.7760,6.6025
1,47,cq,2.0649,23.6123,15.5412
1,47,ans_final,1.7965,24.4792,6.5084
1,47,ans_first,2.0670,25.3629,8.0245
1,47,cq,1.5978,29.7992,14.2251
1,47,ans_final,1.5895,30.4247,6.0235
1,47,ans_first,1.8574,30.6759,5.6992
1,47,cq,1.0580,32.0890,14.0252
1,47,ans_final,1.4012,32.7249,5.5108
1,47,ans_first,1.4262,33.6445,7.9903
1,47,cq,0.6846,35.9018,12.2850
1,47,ans_final,1.6039,36.5324,5.6877
1,47,ans_first,1.5060,36.9500,5.8699
1,47,cq,0.4388,40.5519,13.2885
1,47,ans_final,1.5406,40.9040,4.1769
1,47,ans_first,2.1456,41.5238,8.0927
1,47,cq,1.4289,46.3344,15.9543
1,47,ans_final,1.6747,47.0477,4.9868
1,47,ans_first,2.3026,47.7324,6.4863
1,47,cq,2.0874,49.6489,17.3660
1,47,ans_final,1.5353,50.1914,3.8815
1,48,ans_first,1.6546,6.3475,6.3475
1,48,cq,0.6798,17.1364,15.9533
1,48,ans_final,1.6136,17.9846,4.7477
1,48,ans_first,1.6867,19.2465,8.1028
1,48,cq,0.8309,23.2609,13.5617
1,48,ans_final,1.3368,23.6507,4.6917
1,48,ans_first,2.5705,25.0023,8.6795
1,48,cq,2.0450,33.4846,22.0308
1,48,ans_final,1.7322,33.9711,6.0760
1,48,ans_first,1.8372,35.2531,8.6610
1,48,cq,1.4196,39.8146,15.5784
1,48,ans_final,1.4201,40.5666,6.6882
1,48,ans_first,1.8249,41.6246,7.5409
1,48,cq,1.1946,42.7248,14.6887
1,48,ans_final,1.6216,43.1649,4.7602
1,48,ans_first,1.6626,43.6179,6.2790
1,48,cq,2.4969,46.5474,20.7851
1,48,ans_final,1.7690,47.1666,6.0708
1,48,ans_first,1.6464,47.2691,5.4456
1,48,cq,0.7150,49.5132,10.1984
1,48,ans_final,1.3683,49.8012,4.6857
1,48,ans_first,1.5733,50.0401,5.2575
1,48,cq,1.1180,52.2491,12.2162
1,48,ans_final,1.5274,52.7608,5.8509
1,49,ans_first,2.0084,4.8736,4.8736
1,49,cq,2.1805,16.3455,15.4800
1,49,ans_final,1.7789,16.7633,5.5098
1,49,ans_first,1.6598,19.6609,10.1544
1,49,cq,1.4809,21.4061,9.7069
1,49,ans_final,1.6176,22.1566,5.3093
1,49,ans_first,1.8875,23.1747,6.8117
1,49,cq,0.7273,25.5739,11.6501
1,49,ans_final,1.7367,26.3368,6.2743
1,49,ans_first,1.2823,27.0163,5.0493
1,49,cq,1.4855,30.3243,13.3120
1,49,ans_final,1.5617,31.0820,5.3977
1,49,ans_first,1.8072,31.8540,6.6250
1,49,cq,1.5031,35.1867,15.4165
1,49,ans_final,1.5593,35.4448,3.4634
1,49,ans_first,1.9559,35.6174,4.1538
1,49,cq,1.3583,37.2156,15.0047
1,49,ans_final,1.5958,37.6625,4.0777
1,49,ans_first,1.8112,38.3124,5.9905
1,49,cq,1.3826,42.6413,14.3774
1,49,ans_final,1.4219,43.2482,6.2849
1,49,ans_first,1.3343,43.8842,7.7615
1,49,cq,0.4405,45.2620,12.0673
1,49,ans_final,1.6349,45.8708,5.6022
1,50,ans_first,1.7120,6.3078,6.3078
1,50,cq,1.4390,17.7830,16.4644
1,50,ans_final,1.6112,18.1764,5.2661
1,50,ans_first,1.7986,19.2868,5.8367
1,50,cq,1.4754,23.6525,13.1978
1,50,ans_final,1.2581,24.0119,4.2429
1,50,ans_first,1.7826,24.8819,6.8726
1,50,cq,1.7465,29.3972,13.7856
1,50,ans_final,1.7140,30.0368,5.1367
1,50,ans_first,1.0761,30.6477,7.6653
1,50,cq,2.6515,36.2390,21.1102
1,50,ans_final,1.6291,36.5617,4.3092
1,50,ans_first,1.2682,37.4870,7.7981
1,50,cq,1.5149,45.4082,20.0373
1,50,ans_final,1.7040,45.6721,6.8882
1,50,ans_first,1.3469,46.8754,7.9979
1,50,cq,1.8461,56.7340,21.9863
1,50,ans_final,1.5791,57.4126,6.1358
1,50,ans_first,2.3376,57.4940,5.4010
1,50,cq,2.1086,58.4960,13.3155
1,50,ans_final,1.5135,58.7542,4.7920
1,50,ans_first,1.3312,58.8385,3.6786
1,50,cq,0.9106,61.4438,17.6616
1,50,ans_final,1.6074,62.2085,7.4295
1,51,ans_first,2.0813,5.5238,5.5238
1,51,cq,1.7184,14.8219,13.4493
1,51,ans_final,1.6994,16.3175,6.8243
1,51,ans_first,1.7772,18.2271,7.5551
1,51,cq,0.3442,21.1183,10.0819
1,51,ans_final,1.2798,21.7895,4.3229
1,51,ans_first,2.0552,22.4629,6.0988
1,51,cq,1.1675,26.9366,14.8973
1,51,ans_final,1.2290,27.2841,4.6792
1,51,ans_first,1.5712,27.9480,7.8865
1,51,cq,0.3352,32.0162,9.7315
1,51,ans_final,1.5727,33.0848,6.1462
1,51,ans_first,1.7842,33.8556,6.9990
1,51,cq,1.0386,38.6928,14.4541
1,51,ans_final,1.3815,39.0691,5.3198
1,51,ans_first,1.4385,39.3944,5.3398
1,51,cq,0.8764,48.9386,19.1008
1,51,ans_final,1.4804,49.1847,5.5267
1,51,ans_first,1.5186,51.8361,16.1963
1,51,cq,1.4521,54.1895,15.8234
1,51,ans_final,1.4805,54.7296,5.1075
1,51,ans_first,2.2707,54.3545,6.7709
1,51,cq,1.1027,58.0318,15.4217
1,51,ans_final,1.6009,58.3992,4.9057
1,52,ans_first,1.7442,8.6593,8.6593
1,52,cq,1.6507,21.5600,19.5962
1,52,ans_final,1.7110,21.8265,5.5641
1,52,ans_first,1.8110,22.3492,5.4314
1,52,cq,1.9597,27.9940,17.2222
1,52,ans_final,1.5237,28.6617,5.9386
1,52,ans_first,1.6524,29.3322,6.0346
1,52,cq,0.8089,33.2054,12.8723
1,52,ans_final,1.6365,33.6651,5.7891
1,52,ans_first,2.3956,37.2893,14.0453
1,52,cq,3.7366,49.7222,32.3678
1,52,ans_final,1.5832,50.3906,6.5086
1,52,ans_first,2.0041,50.6959,5.6138
1,52,cq,1.7461,54.0306,19.1555
1,52,ans_final,1.7360,54.4034,5.3690
1,52,ans_first,1.7257,54.4462,6.0356
1,52,cq,1.4915,57.8588,20.3046
1,52,ans_final,1.2671,58.2534,4.8019
1,52,ans_first,1.7595,58.4315,6.0633
1,52,cq,2.5194,66.0912,26.2070
1,52,ans_final,1.4523,66.3491,5.7357
1,52,ans_first,2.2302,66.9109,7.2261
1,52,cq,3.0780,73.5621,28.3483
1,52,ans_final,1.9621,74.2554,6.6802
1,53,ans_first,1.9581,6.2684,6.2684
1,53,cq,1.2109,19.3728,18.2258
1,53,ans_final,1.4731,19.9286,4.1130
1,53,ans_first,1.0242,21.1979,6.8370
1,53,cq,0.7331,25.5203,13.3413
1,53,ans_final,1.4428,25.9368,5.4418
1,53,ans_first,2.3569,27.6360,9.3549
1,53,cq,1.6927,34.2290,19.5119
1,53,ans_final,1.4015,34.5434,4.4129
1,53,ans_first,1.6784,35.0131,6.2099
1,53,cq,1.2308,37.4071,15.7277
1,53,ans_final,1.4659,37.5113,3.9970
1,53,ans_first,2.5683,38.1624,7.7037
1,53,cq,2.4293,43.8768,21.3266
1,53,ans_final,1.6226,44.3387,4.8053
1,53,ans_first,2.2038,44.8040,6.2213
1,53,cq,1.1246,45.3171,13.4848
1,53,ans_final,1.6163,45.8098,5.0370
1,53,ans_first,1.4287,46.0656,5.2096
1,53,cq,2.1482,49.5768,20.1660
1,53,ans_final,1.9305,50.2157,5.4764
1,53,ans_first,1.5557,50.3354,5.8858
1,53,cq,1.1000,52.3572,11.8993
1,53,ans_final,1.4039,52.7661,5.0877
1,54,ans_first,2.0698,6.1346,6.1346
1,54,cq,2.0407,17.0512,15.8940
1,54,ans_final,1.6932,17.8416,4.7845
1,54,ans_first,2.1127,19.8672,8.9159
1,54,cq,1.9957,26.7028,17.4181
1,54,ans_final,1.8013,27.2988,7.8472
1,54,ans_first,1.3148,28.1961,7.0272
1,54,cq,1.3097,34.0770,18.3593
1,54,ans_final,1.6953,34.5637,6.5122
1,54,ans_first,1.6294,35.0854,5.6106
1,54,cq,0.2919,35.8816,9.8675
1,54,ans_final,1.4417,36.2220,5.2487
1,54,ans_first,1.2906,36.6037,5.9708
1,54,cq,1.5742,40.6552,19.3064
1,54,ans_final,1.8277,41.4057,6.0823
1,54,ans_first,1.7215,42.0130,5.7278
1,54,cq,1.3702,44.4000,14.6223
1,54,ans_final,1.4251,44.5777,4.1858
1,54,ans_first,1.8493,45.0786,6.8885
1,54,cq,1.8240,49.1957,15.1547
1,54,ans_final,1.3840,49.7462,7.1945
1,54,ans_first,1.0137,50.2024,6.5229
1,54,cq,0.9889,56.0057,22.8870
1,54,ans_final,1.8688,56.4706,6.8779
1,55,ans_first,1.4684,4.5674,4.5674
1,55,cq,1.4973,15.0811,14.2499
1,55,ans_final,1.5934,15.6491,4.5030
1,55,ans_first,1.0411,16.2809,4.7447
1,55,cq,1.0016,21.5892,15.1095
1,55,ans_final,1.7026,22.0936,4.8060
1,55,ans_first,1.5418,23.0700,6.7474
1,55,cq,1.6269,28.2129,16.6710
1,55,ans_final,1.7864,28.7673,5.2539
1,55,ans_first,1.9926,30.0602,9.6964
1,55,cq,3.2313,37.2466,22.0738
1,55,ans_final,1.4224,37.8284,6.1275
1,55,ans_first,1.8668,38.6274,9.6468
1,55,cq,1.0034,41.7932,14.7795
1,55,ans_final,1.6387,42.0269,4.7682
1,55,ans_first,1.5106,42.0769,4.5111
1,55,cq,1.2223,45.7305,13.3569
1,55,ans_final,1.4312,45.9190,6.1125
1,55,ans_first,2.5203,46.2938,7.2807
1,55,cq,1.3782,49.3401,14.6904
1,55,ans_final,1.5744,49.9542,5.0063
1,55,ans_first,1.5565,50.6752,7.9721
1,55,cq,3.3349,54.1012,23.7242
1,55,ans_final,1.8850,55.3313,7.7665
1,56,ans_first,2.1452,7.6466,7.6466
1,56,cq,1.5004,14.4933,12.8728
1,56,ans_final,1.5341,15.1109,4.5691
1,56,ans_first,1.8738,16.3019,5.7041
1,56,cq,1.5042,25.7480,20.8337
1,56,ans_final,1.4702,26.3891,5.3038
1,56,ans_first,1.5095,27.2780,7.8258
1,56,cq,1.5255,35.7343,20.4359
1,56,ans_final,1.6423,36.2989,6.2753
1,56,ans_first,1.4529,36.7525,5.3190
1,56,cq,0.2259,36.8089,7.6701
1,56,ans_final,1.4493,37.0799,3.7141
1,56,ans_first,1.2346,37.6319,5.6021
1,56,cq,1.4884,39.3682,14.6036
1,56,ans_final,1.5459,40.2812,5.7523
1,56,ans_first,2.9795,40.2318,8.0889
1,56,cq,2.2377,44.1095,17.0596
1,56,ans_final,1.7241,44.3762,4.0975
1,56,ans_first,1.5847,44.9206,5.6673
1,56,cq,0.9948,46.3838,10.7112
1,56,ans_final,1.7955,47.4350,7.7949
1,56,ans_first,1.9577,47.7534,6.5731
1,56,cq,1.8024,51.0912,17.6127
1,56,ans_final,1.6305,51.6602,5.6495
1,57,ans_first,1.4877,7.9126,7.9126
1,57,cq,0.3637,14.0671,10.9396
1,57,ans_final,1.4661,15.3537,6.1107
1,57,ans_first,1.7099,16.2964,5.5877
1,57,cq,0.8944,20.1467,10.4275
1,57,ans_final,1.3203,20.6865,3.5792
1,57,ans_first,2.2289,23.1371,10.0181
1,57,cq,1.4965,29.9198,17.1601
1,57,ans_final,1.7277,30.9786,6.4681
1,57,ans_first,1.8711,33.6643,12.6372
1,57,cq,1.5809,41.0188,17.3144
1,57,ans_final,1.6171,41.3198,3.9063
1,57,ans_first,2.6937,41.6421,6.5154
1,57,cq,1.3826,46.0803,16.2234
1,57,ans_final,1.8169,46.7252,5.0627
1,57,ans_first,1.8406,47.3109,7.5588
1,57,cq,1.4688,50.3102,16.1925
1,57,ans_final,1.7014,50.9047,5.5963
1,57,ans_first,1.4374,51.3375,5.1520
1,57,cq,1.1055,54.9555,15.0292
1,57,ans_final,1.5977,55.5492,6.2034
1,57,ans_first,1.6435,55.5838,5.2638
1,57,cq,2.0887,59.0068,18.6459
1,57,ans_final,1.8185,59.6108,5.6199
1,58,ans_first,1.3286,5.8648,5.8648
1,58,cq,0.7897,14.4403,13.0502
1,58,ans_final,1.4291,14.8844,4.1036
1,58,ans_first,1.6217,17.4688,8.5001
1,58,cq,0.9744,21.3093,13.8525
1,58,ans_final,1.7388,22.3747,6.0748
1,58,ans_first,1.6407,23.5338,7.7226
1,58,cq,0.7637,27.0282,12.1748
1,58,ans_final,1.7107,27.7149,5.7370
1,58,ans_first,1.9730,28.1284,6.3773
1,58,cq,1.1037,29.9380,11.9736
1,58,ans_final,1.4784,30.4672,4.9667
1,58,ans_first,1.9424,31.1379,6.6541
1,58,cq,3.1408,39.4388,24.0380
1,58,ans_final,1.6224,39.8591,4.8149
1,58,ans_first,2.0375,42.0322,12.7752
1,58,cq,1.7187,46.0398,18.7689
1,58,ans_final,1.7190,46.4486,5.5869
1,58,ans_first,2.2039,47.2621,8.7000
1,58,cq,1.8761,50.5629,17.7690
1,58,ans_final,1.4670,50.8427,3.8636
1,58,ans_first,2.2477,51.2786,6.2876
1,58,cq,1.3383,57.0551,18.2658
1,58,ans_final,1.4412,57.3224,4.7007
1,59,ans_first,2.1637,9.3807,9.3807
1,59,cq,1.1853,21.6167,19.5537
1,59,ans_final,1.3464,21.9236,4.1682
1,59,ans_first,1.3094,22.6496,6.9632
1,59,cq,1.9862,29.5590,19.6409
1,59,ans_final,1.7292,30.6230,8.4954
1,59,ans_first,1.3868,31.2366,6.3096
1,59,cq,1.5492,37.5665,21.5617
1,59,ans_final,1.6161,38.8326,7.7405
1,59,ans_first,1.4321,39.1683,5.9257
1,59,cq,2.4916,44.4174,20.5353
1,59,ans_final,1.6965,44.7589,5.3871
1,59,ans_first,1.6485,45.1999,6.0811
1,59,cq,1.6142,47.1504,13.6660
1,59,ans_final,1.6576,47.1437,3.8588
1,59,ans_first,1.8807,48.0290,8.8768
1,59,cq,1.3512,49.1696,13.5085
1,59,ans_final,1.8293,49.5118,5.5963
1,59,ans_first,1.3888,50.0672,6.5689
1,59,cq,0.3232,51.9975,12.8087
1,59,ans_final,1.4849,52.3247,5.8999
1,59,ans_first,1.5617,52.7973,5.6741
1,59,cq,1.1874,55.2913,14.7406
1,59,ans_final,1.1990,55.5643,4.4049
1,60,ans_first,1.8611,6.5786,6.5786
1,60,cq,1.6217,19.8198,18.5686
1,60,ans_final,1.4636,20.4999,4.5884
1,60,ans_first,1.2952,21.2121,5.3801
1,60,cq,1.3723,28.9869,21.5210
1,60,ans_final,1.4308,29.3081,4.8368
1,60,ans_first,2.4478,30.0532,6.5370
1,60,cq,2.0644,39.5632,26.8602
1,60,ans_final,1.5650,40.0645,5.3133
1,60,ans_first,2.0528,40.5655,5.9130
1,60,cq,1.5734,44.2413,16.7976
1,60,ans_final,1.6630,44.5115,5.9062
1,60,ans_first,1.1008,45.6940,8.7203
1,60,cq,2.2655,50.5878,19.4623
1,60,ans_final,1.5753,51.0027,6.1853
1,60,ans_first,1.4516,51.5275,6.9435
1,60,cq,2.1888,52.4833,20.1373
1,60,ans_final,1.8127,52.9114,5.3892
1,60,ans_first,1.9546,54.2935,10.3681
1,60,cq,2.0520,62.0351,29.3436
1,60,ans_final,1.7240,62.3899,7.5683
1,60,ans_first,1.9112,62.6297,6.8218
1,60,cq,1.2896,62.3389,15.6503
1,60,ans_final,1.6194,62.8689,7.3927
1,61,ans_first,1.5999,6.2089,6.2089
1,61,cq,1.2597,16.5038,15.2872
1,61,ans_final,1.6353,17.0404,4.5980
1,61,ans_first,1.3930,18.5884,6.8590
1,61,cq,1.7123,28.3860,19.9081
1,61,ans_final,1.2487,28.5350,5.3247
1,61,ans_first,1.2556,28.8590,4.6964
1,61,cq,1.6754,31.6064,17.9220
1,61,ans_final,1.5052,32.5705,5.7551
1,61,ans_first,1.8275,33.0718,6.0010
1,61,cq,2.0980,40.4748,22.8499
1,61,ans_final,1.9997,40.7067,5.8322
1,61,ans_first,2.0448,41.2094,6.2678
1,61,cq,1.0056,43.3975,12.1430
1,61,ans_final,1.6773,43.8517,4.9029
1,61,ans_first,1.3845,44.4812,7.0258
1,61,cq,2.0227,48.7799,22.6171
1,61,ans_final,1.7552,49.2735,6.0384
1,61,ans_first,1.7469,49.6236,9.8711
1,61,cq,1.1859,51.6271,15.1230
1,61,ans_final,1.6286,52.0500,6.0188
1,61,ans_first,1.6083,52.3584,5.6095
1,61,cq,1.7313,54.6186,13.2151
1,61,ans_final,1.6385,54.9635,4.6688
1,62,ans_first,1.5785,5.5925,5.5925
1,62,cq,0.6827,13.8293,12.6246
1,62,ans_final,1.2452,14.3944,3.9094
1,62,ans_first,1.7363,53.3243,51.9050
1,62,cq,2.3177,59.2068,30.3815
1,62,ans_final,1.7299,59.7663,7.0307
1,62,ans_first,1.5430,59.7529,6.5892
1,62,cq,1.0647,61.3512,17.4270
1,62,ans_final,1.4926,61.8299,5.6742
1,62,ans_first,1.7399,62.1303,6.2399
1,62,cq,3.1014,74.0047,39.6083
1,62,ans_final,1.7325,74.3063,6.0982
2,0,ans_first,1.4828,5.2892,5.2892
2,0,cq,1.7955,16.9706,15.9721
2,0,ans_final,1.5311,17.5652,5.6372
2,0,ans_first,1.4286,17.9782,4.1909
2,0,cq,1.0358,21.1384,12.0450
2,0,ans_final,1.7544,21.7695,5.4208
2,0,ans_first,1.4925,23.7394,8.6534
2,0,cq,2.4572,37.2623,28.0388
2,0,ans_final,1.6949,37.8402,5.3840
2,0,ans_first,1.8116,38.3007,6.7018
2,0,cq,1.3299,41.9781,15.0045
2,0,ans_final,1.5396,42.6394,4.8914
2,0,ans_first,1.8225,43.0743,5.4836
2,0,cq,2.0358,49.6534,19.7164
2,0,ans_final,1.5760,50.4554,5.1079
2,0,ans_first,1.4026,50.7107,6.7044
2,0,cq,1.6614,53.7221,18.2799
2,0,ans_final,1.2319,54.0402,5.4422
2,0,ans_first,2.0788,54.3853,6.2334
2,0,cq,1.1160,54.9749,14.9827
2,0,ans_final,1.7035,55.8382,6.4677
2,0,ans_first,2.0656,56.3465,5.8602
2,0,cq,2.1353,59.3665,19.9177
2,0,ans_final,1.4056,59.6762,5.7088
2,1,ans_first,1.3373,6.3773,6.3773
2,1,cq,1.8052,18.0301,16.8494
2,1,ans_final,1.6672,18.4888,6.1009
2,1,ans_first,2.0512,19.4663,6.4871
2,1,cq,1.5313,22.4254,11.8263
2,1,ans_final,1.5958,23.3436,6.3915
2,1,ans_first,1.4907,24.3969,7.2385
2,1,cq,0.6704,27.2710,12.2064
2,1,ans_final,1.2115,27.6643,3.7599
2,1,ans_first,1.6161,28.5934,6.3530
2,1,cq,1.9193,34.0861,18.9761
2,1,ans_final,1.6680,34.8911,6.4848
2,1,ans_first,1.5780,35.3156,6.6035
2,1,cq,0.7259,38.2156,15.7587
2,1,ans_final,1.2061,38.4768,4.1434
2,1,ans_first,1.5264,38.9351,5.5830
2,1,cq,0.8982,41.4107,11.1798
2,1,ans_final,1.4542,41.9295,3.4852
2,1,ans_first,1.2331,42.2116,5.7361
2,1,cq,1.4689,44.0315,14.7362
2,1,ans_final,1.6327,44.4947,5.8703
2,1,ans_first,1.7497,44.8685,5.7275
2,1,cq,0.5646,46.2400,10.8411
2,1,ans_final,1.4144,46.8396,4.8429
2,2,ans_first,1.7376,5.9828,5.9828
2,2,cq,2.5520,22.6652,21.6255
2,2,ans_final,1.4917,23.0166,4.4889
2,2,ans_first,1.6367,24.0619,6.5414
2,2,cq,1.3051,32.2317,19.1473
2,2,ans_final,1.4054,32.3603,4.4994
2,2,ans_first,1.9313,32.9550,7.3438
2,2,cq,1.1291,35.9942,17.5158
2,2,ans_final,1.4864,36.2746,4.7119
2,2,ans_first,1.5545,36.9675,8.0997
2,2,cq,3.2533,45.1216,24.4987
2,2,ans_final,1.3807,45.4977,5.0384
2,2,ans_first,1.3775,45.9558,6.4576
2,2,cq,1.4820,54.4466,21.2127
2,2,ans_final,1.4647,54.8501,6.2247
2,2,ans_first,1.2963,55.1531,6.1945
2,2,cq,1.1607,57.4755,15.7059
2,2,ans_final,1.1591,57.8648,4.5018
2,2,ans_first,1.4155,57.8800,4.6590
2,2,cq,1.3082,58.4909,14.8783
2,2,ans_final,1.3073,58.6283,3.8521
2,2,ans_first,1.7090,59.1259,6.6846
2,2,cq,2.4898,67.4881,21.8641
2,2,ans_final,1.3799,67.8195,4.6698
2,3,ans_first,1.9835,9.6236,9.6236
2,3,cq,2.6629,21.3956,19.6141
2,3,ans_final,1.5147,21.9900,5.9653
2,3,ans_first,1.6048,22.6169,5.6785
2,3,cq,1.7219,27.0040,13.3683
2,3,ans_final,1.5617,27.1953,3.8617
2,3,ans_first,1.8873,28.3588,7.0243
2,3,cq,0.6831,31.2636,11.7678
2,3,ans_final,1.4703,32.0548,6.0882
2,3,ans_first,2.3043,32.6808,5.7291
2,3,cq,1.6757,40.2565,24.6654
2,3,ans_final,1.4930,40.9443,6.8495
2,3,ans_first,1.7194,41.3280,6.1579
2,3,cq,1.4870,42.1710,13.9349
2,3,ans_final,1.5824,42.7049,4.8674
2,3,ans_first,1.2495,42.8481,5.4640
2,3,cq,1.4854,47.3817,17.9899
2,3,ans_final,1.5499,47.9677,4.9201
2,3,ans_first,1.6802,48.3031,8.4779
2,3,cq,1.5020,51.5648,18.3031
2,3,ans_final,1.5432,52.4754,7.0751
2,3,ans_first,1.3910,53.2105,7.0093
2,3,cq,1.6629,58.5779,19.9500
2,3,ans_final,1.4210,59.3364,6.3102
2,4,ans_first,1.5390,6.6461,6.6461
2,4,cq,1.0200,18.6431,17.3252
2,4,ans_final,1.4367,19.4521,6.7520
2,4,ans_first,1.6260,20.1039,5.8128
2,4,cq,0.2123,21.6798,8.0493
2,4,ans_final,1.3531,22.1336,4.0658
2,4,ans_first,1.8070,22.6350,5.0175
2,4,cq,1.4054,25.9907,12.8259
2,4,ans_final,1.4884,26.5879,4.6443
2,4,ans_first,1.6495,27.4284,5.7422
2,4,cq,0.9860,35.6650,12.7475
2,4,ans_final,1.4071,36.0715,3.9875
2,4,ans_first,1.9088,36.5812,7.3829
2,4,cq,1.6006,38.7476,15.3314
2,4,ans_final,1.3993,39.2380,4.1282
2,4,ans_first,1.7688,39.8836,7.7758
2,4,cq,0.2333,42.1597,8.2917
2,4,ans_final,1.4094,42.8283,4.5122
2,4,ans_first,2.0507,43.4551,6.1370
2,4,cq,1.7517,46.8003,19.3900
2,4,ans_final,1.6333,47.4778,5.9242
2,4,ans_first,2.3530,48.4804,9.6731
2,4,cq,1.6535,51.8947,19.8108
2,4,ans_final,1.6727,52.3482,5.1487
2,5,ans_first,1.8010,5.8933,5.8933
2,5,cq,1.9839,17.8635,16.8696
2,5,ans_final,1.3961,18.3737,4.3169
2,5,ans_first,1.9303,19.4671,7.0910
2,5,cq,2.0981,26.2545,15.9823
2,5,ans_final,1.5334,26.6965,5.3116
2,5,ans_first,1.8954,27.5507,6.9401
2,5,cq,0.8407,31.4868,15.9732
2,5,ans_final,1.3950,32.0941,4.8321
2,5,ans_first,2.0078,33.3145,8.3819
2,5,cq,1.3555,36.0006,19.3898
2,5,ans_final,1.3942,36.5349,4.3363
2,5,ans_first,2.1666,37.2262,6.4800
2,5,cq,1.5088,42.9361,16.7057
2,5,ans_final,1.5554,43.4222,5.2250
2,5,ans_first,1.2950,43.8305,5.3842
2,5,cq,1.2994,49.7526,21.5199
2,5,ans_final,1.1308,50.1903,3.6336
2,5,ans_first,1.7342,50.3875,5.7787
2,5,cq,0.9221,51.9097,14.4746
2,5,ans_final,1.5145,52.7400,5.9542
2,5,ans_first,1.7841,52.9248,6.2199
2,5,cq,0.5219,54.6866,14.9723
2,5,ans_final,1.5320,54.9170,4.9582
2,6,ans_first,1.5831,5.2940,5.2940
2,6,cq,0.9771,17.3382,16.3240
2,6,ans_final,1.9166,18.0686,5.7385
2,6,ans_first,1.8081,19.1645,6.2658
2,6,cq,1.3386,25.6949,15.4226
2,6,ans_final,1.2762,25.7979,3.6581
2,6,ans_first,1.8146,26.3286,5.6319
2,6,cq,1.9337,30.3568,17.2261
2,6,ans_final,1.5677,31.0555,6.8990
2,6,ans_first,1.4594,31.4634,4.8713
2,6,cq,1.8028,37.5981,20.4659
2,6,ans_final,1.3564,38.3469,5.5618
2,6,ans_first,1.9578,39.2681,8.4093
2,6,cq,1.9337,44.3543,21.6877
2,6,ans_final,1.4191,44.6592,5.3089
2,6,ans_first,1.6110,44.9794,5.1906
2,6,cq,0.6923,48.6182,13.5811
2,6,ans_final,1.2961,48.8921,4.2165
2,6,ans_first,1.5481,49.2479,7.7992
2,6,cq,0.2380,49.9417,8.5280
2,6,ans_final,1.3107,50.3511,4.6224
2,6,ans_first,1.7393,50.7319,6.5544
2,6,cq,1.5172,53.1165,15.2959
2,6,ans_final,1.4248,53.5743,5.4195
2,7,ans_first,2.3264,6.8651,6.8651
2,7,cq,1.5645,26.1186,25.2080
2,7,ans_final,1.8338,26.3530,6.3390
2,7,ans_first,1.5206,26.9501,6.4324
2,7,cq,1.5588,31.4739,13.5930
2,7,ans_final,1.6583,32.4300,8.2239
2,7,ans_first,1.6435,32.9323,5.6711
2,7,cq,1.3772,35.4112,15.3622
2,7,ans_final,1.7136,35.9422,6.7160
2,7,ans_first,1.3866,37.0579,8.6957
2,7,cq,1.2772,45.0789,24.8161
2,7,ans_final,1.8264,45.9666,6.5029
2,7,ans_first,1.6623,46.3764,6.7601
2,7,cq,0.2493,45.7687,8.7167
2,7,ans_final,1.3191,46.0984,4.1638
2,7,ans_first,1.7401,46.6607,7.9457
2,7,cq,0.5046,48.1171,13.0941
2,7,ans_final,1.4208,48.8109,4.7870
2,7,ans_first,2.2257,49.1515,5.9039
2,7,cq,1.1361,53.2100,15.2042
2,7,ans_final,1.6578,53.6351,4.3432
2,7,ans_first,2.2976,54.8129,9.6490
2,7,cq,1.8573,57.6543,19.8506
2,7,ans_final,1.7438,58.3927,6.5009
2,8,ans_first,2.1775,10.4287,10.4287
2,8,cq,2.0602,25.9030,22.8545
2,8,ans_final,1.4623,26.4915,6.2809
2,8,ans_first,1.4266,27.0324,5.2893
2,8,cq,1.9266,33.8164,19.8131
2,8,ans_final,1.7965,34.4685,7.3253
2,8,ans_first,1.7383,34.8095,6.5187
2,8,cq,2.0092,39.5324,18.5620
2,8,ans_final,1.4497,40.1251,5.3305
2,8,ans_first,2.0353,41.8208,10.7978
2,8,cq,1.4304,43.5209,11.1422
2,8,ans_final,1.3478,44.1028,4.0699
2,8,ans_first,1.4769,44.3769,7.9728
2,8,cq,0.2891,44.2693,10.0611
2,8,ans_final,1.4031,44.6012,3.8742
2,8,ans_first,1.9861,44.9000,6.6692
2,8,cq,1.6835,49.3887,16.2555
2,8,ans_final,1.1794,49.7608,3.8644
2,8,ans_first,1.9843,50.6375,9.8221
2,8,cq,3.1204,55.5799,22.0704
2,8,ans_final,1.5938,56.2910,7.2447
2,8,ans_first,2.0605,56.5130,9.4312
2,8,cq,2.3401,65.3851,32.0617
2,8,ans_final,1.5990,66.3098,6.5604
2,9,ans_first,1.8022,9.6338,9.6338
2,9,cq,1.5314,20.4477,18.2985
2,9,ans_final,1.6087,20.7875,4.4965
2,9,ans_first,1.1542,21.6892,6.0633
2,9,cq,0.2272,23.3165,8.2622
2,9,ans_final,1.3955,23.6531,3.8283
2,9,ans_first,1.8066,24.4860,6.2870
2,9,cq,1.2532,28.7089,15.1445
2,9,ans_final,1.4776,29.5018,7.0356
2,9,ans_first,1.5780,30.5468,7.9528
2,9,cq,2.3195,39.8820,26.8644
2,9,ans_final,1.3300,40.3159,5.3422
2,9,ans_first,1.8203,40.5073,5.1640
2,9,cq,0.3926,40.9994,6.9971
2,9,ans_final,1.1476,41.2425,3.5435
2,9,ans_first,1.8446,41.9983,10.0847
2,9,cq,1.2918,48.7273,22.7965
2,9,ans_final,1.1053,49.1139,4.0446
2,9,ans_first,2.2284,49.5505,7.3025
2,9,cq,2.9532,55.2445,28.2748
2,9,ans_final,1.5659,55.7465,4.7985
2,9,ans_first,1.3374,56.0165,5.9573
2,9,cq,0.6987,56.2020,9.6046
2,9,ans_final,1.3944,56.9432,5.5725
2,10,ans_first,2.1989,7.3848,7.3848
2,10,cq,1.7047,19.0657,17.2636
2,10,ans_final,1.3133,19.3592,4.2797
2,10,ans_first,2.0602,21.1832,6.9572
2,10,cq,2.1729,30.2533,18.8249
2,10,ans_final,1.3711,30.7895,6.0618
2,10,ans_first,1.9579,30.9318,4.3102
2,10,cq,1.3258,34.1170,16.1750
2,10,ans_final,1.8889,35.5063,9.8327
2,10,ans_first,1.8968,35.9160,5.7851
2,10,cq,2.7767,40.9262,19.2898
2,10,ans_final,1.3189,41.2862,3.5647
2,10,ans_first,1.8591,41.9375,9.3306
2,10,cq,1.2572,42.6860,17.5698
2,10,ans_final,1.5927,43.7206,5.6678
2,10,ans_first,2.2524,43.9686,6.3419
2,10,cq,1.2421,48.5988,17.9173
2,10,ans_final,1.3292,49.4103,5.9971
2,10,ans_first,1.4962,49.6048,5.1486
2,10,cq,1.6108,51.1944,16.8845
2,10,ans_final,1.3578,51.6399,4.9361
2,10,ans_first,1.4930,51.8016,6.8413
2,10,cq,1.5252,55.2811,16.4448
2,10,ans_final,1.6096,55.8073,4.3629
2,11,ans_first,1.6516,6.3091,6.3091
2,11,cq,1.5577,15.5814,14.0721
2,11,ans_final,1.4513,16.3143,5.2826
2,11,ans_first,1.7332,17.8027,7.0547
2,11,cq,1.8096,25.6989,19.4906
2,11,ans_final,1.5294,26.2759,5.3224
2,11,ans_first,1.8994,27.1595,7.2739
2,11,cq,1.2279,35.6782,19.4801
2,11,ans_final,1.5844,35.9858,6.3486
2,11,ans_first,1.5629,36.6134,5.8717
2,11,cq,1.1740,39.3414,14.5833
2,11,ans_final,1.2745,39.6549,3.3085
2,11,ans_first,1.8923,40.1006,6.6501
2,11,cq,1.5145,43.4808,14.3558
2,11,ans_final,1.6265,43.8710,6.6542
2,11,ans_first,1.8493,44.2600,4.6770
2,11,cq,0.5674,46.3033,13.4403
2,11,ans_final,1.2378,46.5193,4.7916
2,11,ans_first,1.8240,47.1440,6.7744
2,11,cq,2.6306,51.0209,19.8158
2,11,ans_final,1.2706,50.9808,5.2328
2,11,ans_first,2.0120,51.7699,7.3327
2,11,cq,1.2349,52.9045,14.3407
2,11,ans_final,1.4143,53.1082,6.0287
2,12,ans_first,1.8430,6.8678,6.8678
2,12,cq,2.2704,20.8224,19.2471
2,12,ans_final,1.5103,21.7165,7.1263
2,12,ans_first,1.7373,22.8418,6.7581
2,12,cq,2.2139,30.6364,18.9203
2,12,ans_final,1.6245,31.1787,5.5929
2,12,ans_first,1.9678,31.4027,6.2096
2,12,cq,2.3353,45.8819,33.8372
2,12,ans_final,1.4975,46.2280,5.3479
2,12,ans_first,1.8017,47.5078,8.6133
2,12,cq,1.2954,50.5310,19.4226
2,12,ans_final,1.3014,50.6734,4.9215
2,12,ans_first,1.7142,50.7807,7.9702
2,12,cq,2.4907,56.0953,22.1867
2,12,ans_final,1.5601,56.3316,5.7688
2,12,ans_first,2.0571,57.3316,8.9247
2,12,cq,1.1348,59.5363,16.7728
2,12,ans_final,1.6207,59.7272,4.2062
2,12,ans_first,1.8986,60.2757,6.1792
2,12,cq,1.1221,62.1566,16.3486
2,12,ans_final,1.5930,62.5997,4.5482
2,12,ans_first,1.9690,63.2719,7.1142
2,12,cq,0.8398,63.1756,11.6303
2,12,ans_final,1.7141,63.7368,5.1081
2,13,ans_first,1.5612,6.2003,6.2003
2,13,cq,1.3888,18.4379,16.8042
2,13,ans_final,1.3348,19.8866,7.0960
2,13,ans_first,1.7349,21.4057,8.9538
2,13,cq,1.4339,28.5369,19.9427
2,13,ans_final,1.3207,29.1497,6.1145
2,13,ans_first,1.8706,30.2349,7.6649
2,13,cq,1.6145,39.8174,24.2924
2,13,ans_final,1.3836,40.9312,8.1528
2,13,ans_first,1.1738,41.1102,4.6873
2,13,cq,1.5493,45.2426,16.1543
2,13,ans_final,1.3444,45.6590,4.9995
2,13,ans_first,1.8813,46.7545,11.4172
2,13,cq,1.6070,51.8683,15.7261
2,13,ans_final,1.6992,52.2498,6.3984
2,13,ans_first,1.5109,52.6772,6.7392
2,13,cq,1.2252,55.2248,13.4508
2,13,ans_final,1.6087,55.3665,5.3544
2,13,ans_first,1.9140,55.4101,6.1934
2,13,cq,1.4749,57.0968,12.7976
2,13,ans_final,1.2866,57.3200,5.6651
2,13,ans_first,2.5724,58.2447,9.5711
2,13,cq,2.0527,59.4680,17.2772
2,13,ans_final,1.3472,59.7135,4.9944
2,14,ans_first,1.9341,6.7672,6.7672
2,14,cq,1.4880,24.4226,22.9648
2,14,ans_final,1.6295,24.9834,5.9624
2,14,ans_first,1.3212,26.1663,7.5445
2,14,cq,1.2332,31.4956,18.8071
2,14,ans_final,1.4527,32.8285,9.2337
2,14,ans_first,2.4897,33.5587,7.3213
2,14,cq,1.8203,39.9362,20.6757
2,14,ans_final,1.5547,40.4414,5.8603
2,14,ans_first,1.7227,40.9466,7.5259
2,14,cq,0.8914,41.7226,13.3434
2,14,ans_final,1.5719,41.9230,3.8397
2,14,ans_first,2.0142,42.4537,7.3643
2,14,cq,0.9173,44.7999,13.1687
2,14,ans_final,1.2669,45.0443,3.7601
2,14,ans_first,2.5126,45.5035,7.4548
2,14,cq,1.2900,49.2525,14.9679
2,14,ans_final,1.6245,49.6935,5.3406
2,14,ans_first,1.8864,49.8871,4.9738
2,14,cq,1.4801,53.7479,20.6317
2,14,ans_final,1.5855,54.4222,5.9831
2,14,ans_first,1.8609,54.4273,4.8057
2,14,cq,1.8012,59.3981,20.6468
2,14,ans_final,1.5244,59.8327,4.5231
2,15,ans_first,2.3344,5.6620,5.6620
2,15,cq,1.5101,17.9361,17.3368
2,15,ans_final,1.4507,18.3610,4.5440
2,15,ans_first,1.3155,19.9274,7.4388
2,15,cq,1.9018,28.8703,20.2426
2,15,ans_final,1.4417,29.2118,4.3628
2,15,ans_first,2.9982,30.8910,8.5050
2,15,cq,2.1256,36.0653,17.3537
2,15,ans_final,1.5313,36.4554,4.5191
2,15,ans_first,2.0191,38.1180,8.5606
2,15,cq,1.6720,39.4387,18.4113
2,15,ans_final,1.5341,39.8924,5.0774
2,15,ans_first,2.4509,40.1755,5.7972
2,15,cq,1.7765,49.4031,27.2559
2,15,ans_final,1.5006,49.7678,5.6284
2,15,ans_first,1.5690,50.3181,8.4221
2,15,cq,1.1361,50.3101,11.6342
2,15,ans_final,1.3256,50.7366,8.2664
2,15,ans_first,1.6825,50.9702,5.6943
2,15,cq,2.4692,53.9800,21.9534
2,15,ans_final,1.4664,54.3456,4.6428
2,15,ans_first,1.7441,54.7505,7.6225
2,15,cq,0.8732,56.1238,15.5736
2,15,ans_final,1.4954,56.5876,5.5137
2,16,ans_first,2.0094,8.2865,8.2865
2,16,cq,0.8621,19.1771,17.1669
2,16,ans_final,1.5251,20.7032,7.3852
2,16,ans_first,1.3287,22.4703,7.7787
2,16,cq,0.3735,23.0623,11.9943
2,16,ans_final,1.5982,23.7085,5.9073
2,16,ans_first,1.4767,23.9384,3.9511
2,16,cq,1.1251,30.0757,17.5642
2,16,ans_final,1.3420,30.2462,4.3314
2,16,ans_first,1.4615,32.0359,9.6690
2,16,cq,1.7754,39.1655,22.6455
2,16,ans_final,1.4666,39.8024,6.6903
2,16,ans_first,1.3624,40.1951,5.8725
2,16,cq,1.4207,42.1972,12.5250
2,16,ans_final,1.2532,42.6875,4.9667
2,16,ans_first,1.2758,43.0009,4.3838
2,16,cq,0.5363,44.0998,11.7158
2,16,ans_final,1.5032,44.5529,5.1672
2,16,ans_first,1.8913,44.8832,6.3929
2,16,cq,1.7144,50.3904,24.3385
2,16,ans_final,1.4315,50.6426,5.1609
2,16,ans_first,1.4134,51.3585,6.9386
2,16,cq,1.7898,54.7285,17.5467
2,16,ans_final,1.4277,55.2774,6.3970
2,17,ans_first,1.7829,7.2681,7.2681
2,17,cq,1.5905,16.8595,15.2830
2,17,ans_final,1.5344,17.6714,4.8780
2,17,ans_first,2.4664,19.0412,7.3161
2,17,cq,1.3255,24.8063,14.2086
2,17,ans_final,1.1680,25.2469,5.4173
2,17,ans_first,1.9253,26.0085,6.8922
2,17,cq,1.6857,34.5028,18.9452
2,17,ans_final,1.4846,34.6366,5.2219
2,17,ans_first,1.5968,34.9271,4.8506
2,17,cq,1.0588,36.2572,8.6420
2,17,ans_final,1.4119,36.7271,4.5774
2,17,ans_first,1.6134,36.9833,5.4592
2,17,cq,1.6989,39.8506,16.5558
2,17,ans_final,1.3572,40.3439,5.2553
2,17,ans_first,2.2174,40.9116,9.7726
2,17,cq,1.5577,44.2471,15.0242
2,17,ans_final,1.3811,44.9517,5.3127
2,17,ans_first,2.5844,45.5365,8.2265
2,17,cq,2.5312,51.4840,23.4569
2,17,ans_final,1.5327,51.9098,4.7075
2,17,ans_first,2.1576,52.0541,4.6116
2,17,cq,2.4306,56.2996,19.8834
2,17,ans_final,1.2384,56.8475,5.7457
2,18,ans_first,1.6454,5.7989,5.7989
2,18,cq,1.1573,22.3333,21.8876
2,18,ans_final,1.1858,23.3479,6.2270
2,18,ans_first,1.6558,24.0416,5.2761
2,18,cq,1.7670,30.6161,15.4217
2,18,ans_final,1.5111,30.8000,4.8161
2,18,ans_first,1.9959,30.9084,5.8769
2,18,cq,1.7204,33.0860,19.6913
2,18,ans_final,1.5090,33.3515,5.7024
2,18,ans_first,1.4327,33.5494,5.5562
2,18,cq,0.6471,41.0757,19.6432
2,18,ans_final,1.3083,41.7089,4.6280
2,18,ans_first,2.0690,43.7481,11.0241
2,18,cq,2.0640,45.1336,22.8664
2,18,ans_final,1.2898,45.7723,4.5493
2,18,ans_first,1.7616,46.1202,6.1626
2,18,cq,2.3967,56.1838,26.7431
2,18,ans_final,1.6164,56.4219,6.4023
2,18,ans_first,1.8605,56.9107,9.1635
2,18,cq,2.5375,61.5017,19.9816
2,18,ans_final,1.5702,61.9148,5.2481
2,18,ans_first,1.6468,61.7243,4.2960
2,18,cq,1.8937,62.3479,16.4484
2,18,ans_final,1.8044,62.8962,6.1169
2,19,ans_first,2.0014,6.4650,6.4650
2,19,cq,0.9187,16.6396,15.5622
2,19,ans_final,1.7371,17.4306,6.3314
2,19,ans_first,1.7956,18.5940,6.5889
2,19,cq,1.0778,27.7732,19.9085
2,19,ans_final,1.4128,28.2703,5.7968
2,19,ans_first,1.8505,29.2832,8.5563
2,19,cq,1.7166,35.7944,19.8476
2,19,ans_final,1.5491,36.5634,5.2959
2,19,ans_first,1.9700,37.1766,6.6485
2,19,cq,1.0155,39.8542,12.8660
2,19,ans_final,1.5361,40.6290,5.8116
2,19,ans_first,2.1978,42.0599,10.2302
2,19,cq,1.3772,44.8678,16.9224
2,19,ans_final,1.3791,45.7976,5.1140
2,19,ans_first,1.8583,47.6132,12.9710
2,19,cq,1.4679,49.7275,17.0406
2,19,ans_final,1.2455,50.0329,4.0387
2,19,ans_first,1.6110,51.0712,9.0842
2,19,cq,1.0054,59.3129,29.0170
2,19,ans_final,1.2757,59.7621,4.1228
2,19,ans_first,1.8469,60.3706,7.1867
2,19,cq,1.7615,61.5885,16.5561
2,19,ans_final,1.3650,62.0990,5.2184
2,20,ans_first,2.1402,8.7708,8.7708
2,20,cq,2.1231,17.1472,14.6289
2,20,ans_final,1.6306,18.2616,6.5209
2,20,ans_first,2.3677,19.7008,7.0450
2,20,cq,1.9086,24.0907,15.4891
2,20,ans_final,1.7818,24.2802,4.3263
2,20,ans_first,1.7233,25.5453,7.5872
2,20,cq,1.3693,35.5635,24.1155
2,20,ans_final,1.4579,36.1464,4.4000
2,20,ans_first,2.1410,37.5483,8.7765
2,20,cq,2.1087,40.9144,17.7376
2,20,ans_final,1.5982,41.5177,6.2987
2,20,ans_first,2.3284,42.2017,9.1702
2,20,cq,2.1334,46.5489,17.0445
2,20,ans_final,1.4339,46.6666,3.9311
2,20,ans_first,1.9628,46.9929,6.1250
2,20,cq,1.5202,50.4757,17.9277
2,20,ans_final,1.2457,50.8383,5.6659
2,20,ans_first,1.5875,51.4483,6.3460
2,20,cq,1.2220,53.8068,16.2457
2,20,ans_final,1.5166,54.3080,6.3208
2,20,ans_first,1.2083,54.8177,7.3465
2,20,cq,1.5961,59.4955,21.4737
2,20,ans_final,1.3365,59.8858,6.4778
2,21,ans_first,2.0703,6.6215,6.6215
2,21,cq,1.0593,17.3593,16.1133
2,21,ans_final,1.3684,17.6794,4.1128
2,21,ans_first,1.3730,18.6866,5.9516
2,21,cq,1.6329,34.9799,28.2678
2,21,ans_final,1.3491,35.2523,5.7175
2,21,ans_first,1.8242,35.5888,6.2225
2,21,cq,2.1275,40.9273,23.4753
2,21,ans_final,1.5574,41.2136,4.3579
2,21,ans_first,1.2608,42.1670,7.7943
2,21,cq,1.1648,45.7094,18.7642
2,21,ans_final,1.3894,46.4037,7.3047
2,21,ans_first,2.0565,46.8042,6.0868
2,21,cq,0.9354,46.7071,12.9658
2,21,ans_final,1.4446,47.1745,5.7414
2,21,ans_first,1.0445,47.7339,6.8825
2,21,cq,1.8549,49.9336,14.5843
2,21,ans_final,1.4923,50.3181,4.3779
2,21,ans_first,2.4351,50.6919,8.1154
2,21,cq,3.0794,54.6558,21.5718
2,21,ans_final,1.5175,55.0242,4.4529
2,21,ans_first,1.8791,55.5749,7.9211
2,21,cq,1.8022,61.7761,21.3902
2,21,ans_final,1.4652,62.2894,5.0151
2,22,ans_first,2.3056,7.3640,7.3640
2,22,cq,1.0449,17.1348,15.3937
2,22,ans_final,1.3524,17.9574,4.8078
2,22,ans_first,1.5333,19.3112,6.6386
2,22,cq,1.9938,28.5410,21.5169
2,22,ans_final,1.3821,28.7225,3.9253
2,22,ans_first,1.4044,29.2381,8.1890
2,22,cq,0.6614,33.9082,15.2652
2,22,ans_final,1.4343,34.6499,6.8407
2,22,ans_first,1.2343,35.1107,6.5953
2,22,cq,0.8771,38.3877,13.3178
2,22,ans_final,1.4450,38.8914,5.4875
2,22,ans_first,1.4414,39.4414,8.4684
2,22,cq,0.1884,41.1929,6.1934
2,22,ans_final,1.5389,41.8813,5.6078
2,22,ans_first,1.8430,42.1094,5.5817
2,22,cq,0.9253,46.2681,21.9995
2,22,ans_final,1.4420,46.8037,5.7130
2,22,ans_first,2.0071,46.9791,7.6390
2,22,cq,0.3504,48.7683,12.5979
2,22,ans_final,1.3240,49.2512,4.0178
2,22,ans_first,2.0293,50.1069,7.4713
2,22,cq,2.0266,51.7564,20.5287
2,22,ans_final,1.4210,52.0572,3.9189
2,23,ans_first,1.6413,5.4988,5.4988
2,23,cq,1.7441,21.9011,20.5724
2,23,ans_final,1.6143,22.9382,6.2321
2,23,ans_first,1.5888,23.9293,5.8392
2,23,cq,0.6655,27.3226,12.8065
2,23,ans_final,1.2502,27.7070,4.9465
2,23,ans_first,1.1850,29.2207,7.7138
2,23,cq,2.0058,41.6795,31.3893
2,23,ans_final,1.3308,42.0312,5.2462
2,23,ans_first,1.7936,42.7347,5.9449
2,23,cq,1.6234,41.9059,15.3661
2,23,ans_final,1.4401,42.1846,5.4863
2,23,ans_first,1.4681,42.5536,4.3675
2,23,cq,1.3105,46.2181,16.2877
2,23,ans_final,1.5269,46.4894,6.5365
2,23,ans_first,1.5245,46.6464,4.7480
2,23,cq,1.1649,49.6363,14.4027
2,23,ans_final,1.6799,50.4027,5.8527
2,23,ans_first,1.8614,50.8217,5.2371
2,23,cq,1.6301,52.4603,16.4365
2,23,ans_final,1.3830,52.7922,4.3096
2,23,ans_first,2.2276,52.6595,6.4874
2,23,cq,1.5716,54.8397,14.2544
2,23,ans_final,1.6138,55.3282,5.0558
2,24,ans_first,1.8282,5.2380,5.2380
2,24,cq,0.9695,15.8203,15.1386
2,24,ans_final,1.8465,17.0815,6.5614
2,24,ans_first,1.8977,18.7509,7.3237
2,24,cq,1.5620,24.8026,16.1808
2,24,ans_final,1.5722,25.1203,4.7600
2,24,ans_first,1.7809,25.9519,6.0326
2,24,cq,1.3647,32.5085,15.7459
2,24,ans_final,1.3620,32.5157,4.8731
2,24,ans_first,1.3254,32.9563,6.1232
2,24,cq,0.7216,34.1167,12.8111
2,24,ans_final,1.2139,34.4585,4.3676
2,24,ans_first,2.0079,35.3746,7.2510
2,24,cq,0.8926,40.0828,14.7050
2,24,ans_final,1.6667,40.6058,7.3846
2,24,ans_first,1.3258,41.4227,7.9693
2,24,cq,0.2488,43.7231,9.6328
2,24,ans_final,1.5430,44.1504,4.4015
2,24,ans_first,1.3050,44.9652,8.3772
2,24,cq,1.3082,46.9324,23.8440
2,24,ans_final,1.2862,47.3681,4.4874
2,24,ans_first,2.1862,47.5648,7.3652
2,24,cq,2.2330,54.3856,22.1313
2,24,ans_final,1.3432,54.5997,5.2620
2,25,ans_first,1.6884,7.2288,7.2288
2,25,cq,1.4990,19.5666,18.4474
2,25,ans_final,1.5756,20.4671,6.8784
2,25,ans_first,1.5120,21.5395,6.2842
2,25,cq,0.5702,27.0845,16.0781
2,25,ans_final,1.5777,27.6874,5.3914
2,25,ans_first,1.5825,28.3545,5.7034
2,25,cq,1.4127,32.9555,14.2907
2,25,ans_final,1.5249,33.3614,6.4682
2,25,ans_first,1.6424,33.9146,7.8883
2,25,cq,0.9032,35.9562,16.8569
2,25,ans_final,1.7805,36.5289,6.8305
2,25,ans_first,1.1197,36.8274,5.0375
2,25,cq,0.9776,38.7663,15.0802
2,25,ans_final,1.3538,39.1891,5.5144
2,25,ans_first,2.2201,40.0429,8.8534
2,25,cq,1.2143,46.7435,17.9934
2,25,ans_final,1.6081,47.2205,7.1632
2,25,ans_first,1.8305,47.6045,5.9271
2,25,cq,0.6552,53.8873,19.3152
2,25,ans_final,1.5983,54.1086,5.9612
2,25,ans_first,1.8107,54.4308,5.8563
2,25,cq,2.0772,56.5433,17.2210
2,25,ans_final,1.7984,56.8680,4.8383
2,26,ans_first,1.6768,4.8598,4.8598
2,26,cq,1.5294,29.3508,28.9392
2,26,ans_final,1.4983,29.8891,6.2512
2,26,ans_first,1.6856,30.5754,6.6686
2,26,cq,1.6805,34.3842,16.2327
2,26,ans_final,1.6843,34.7732,6.9958
2,26,ans_first,1.8454,35.8199,9.1895
2,26,cq,1.3335,39.4421,15.2987
2,26,ans_final,1.6051,39.6049,5.4370
2,26,ans_first,1.6793,40.8631,9.1367
2,26,cq,1.5848,48.3168,27.4846
2,26,ans_final,1.6318,48.8368,7.7111
2,26,ans_first,2.3118,49.2746,7.2787
2,26,cq,2.7689,55.4714,23.3643
2,26,ans_final,1.5353,55.9262,6.6619
2,26,ans_first,1.4765,56.1518,5.6538
2,26,cq,1.4814,58.5985,17.2552
2,26,ans_final,1.5343,59.0835,6.0689
2,26,ans_first,1.4455,59.2703,5.3805
2,26,cq,1.0407,61.3599,14.8423
2,26,ans_final,1.4633,61.9537,5.8332
2,26,ans_first,1.6054,62.2468,7.0452
2,26,cq,1.2289,64.1931,14.9498
2,26,ans_final,1.6200,64.3980,4.9370
2,27,ans_first,1.8530,6.4124,6.4124
2,27,cq,0.4624,11.7584,10.0104
2,27,ans_final,1.6927,12.5348,5.1009
2,27,ans_first,2.0043,14.0884,5.9265
2,27,cq,2.0836,23.9285,20.3828
2,27,ans_final,1.5573,24.6410,6.9039
2,27,ans_first,1.4719,25.7731,6.3086
2,27,cq,0.8737,29.7750,14.2378
2,27,ans_final,1.4282,30.4578,5.7900
2,27,ans_first,1.7448,31.5456,6.8988
2,27,cq,1.7008,38.0543,26.2405
2,27,ans_final,1.5652,38.7797,6.5924
2,27,ans_first,2.1069,39.5183,7.9696
2,27,cq,1.0356,43.8993,18.6958
2,27,ans_final,1.4821,44.6073,5.8958
2,27,ans_first,2.0488,45.3186,7.8706
2,27,cq,2.1006,49.3652,19.5284
2,27,ans_final,1.4377,49.4993,4.5088
2,27,ans_first,1.7186,49.6392,6.6568
2,27,cq,1.3330,52.5840,17.4524
2,27,ans_final,1.4869,52.7855,5.4033
2,27,ans_first,1.6676,53.1987,6.8502
2,27,cq,1.6620,55.0482,18.0427
2,27,ans_final,1.2072,55.2806,5.4833
2,28,ans_first,2.1752,8.6136,8.6136
2,28,cq,0.9078,18.4280,16.0689
2,28,ans_final,1.5767,18.8498,5.8641
2,28,ans_first,2.2167,21.0526,8.6611
2,28,cq,0.9279,29.1854,19.4784
2,28,ans_final,1.4037,29.4231,4.9604
2,28,ans_first,1.4646,30.1876,5.7030
2,28,cq,0.1542,31.6133,6.4956
2,28,ans_final,1.5217,32.0348,4.5413
2,28,ans_first,1.4707,32.7118,5.9066
2,28,cq,0.9546,36.2292,12.0860
2,28,ans_final,1.2950,36.6119,5.1940
2,28,ans_first,1.8039,37.6213,8.2532
2,28,cq,0.2926,41.3410,9.6348
2,28,ans_final,1.5078,41.8821,5.6569
2,28,ans_first,2.1370,43.7983,11.8506
2,28,cq,1.0426,45.7198,12.6304
2,28,ans_final,1.5091,46.1687,6.0871
2,28,ans_first,1.3896,46.5774,7.0854
2,28,cq,2.0463,49.9455,18.9954
2,28,ans_final,1.2680,50.3519,5.2267
2,28,ans_first,1.9550,51.5068,9.1961
2,28,cq,1.2941,52.3837,14.6277
2,28,ans_final,1.1289,52.6479,4.6030
2,29,ans_first,1.6175,6.3161,6.3161
2,29,cq,2.0516,19.2944,18.1252
2,29,ans_final,1.4932,19.7341,4.1962
2,29,ans_first,1.5270,21.4984,8.5970
2,29,cq,1.9328,36.6637,26.5690
2,29,ans_final,1.6404,37.4971,7.6396
2,29,ans_first,1.8678,37.7378,4.5015
2,29,cq,2.1314,43.4543,19.5083
2,29,ans_final,1.5630,43.8771,6.4277
2,29,ans_first,1.7982,45.8748,11.1437
2,29,cq,1.0160,49.3325,12.1549
2,29,ans_final,1.3788,49.4644,4.3101
2,29,ans_first,1.6839,49.8284,5.8001
2,29,cq,1.7242,52.5804,16.3729
2,29,ans_final,1.3294,52.7973,4.5387
2,29,ans_first,2.3999,53.3207,7.0102
2,29,cq,2.5061,63.6055,31.5145
2,29,ans_final,1.7642,63.9163,6.4700
2,29,ans_first,2.0799,64.0075,6.3185
2,29,cq,1.0090,67.9242,18.5122
2,29,ans_final,1.3186,68.1196,4.7129
2,29,ans_first,1.8507,68.7700,8.9775
2,29,cq,1.8875,72.6651,19.0764
2,29,ans_final,1.4635,73.0644,3.9959
2,30,ans_first,1.5903,5.7736,5.7736
2,30,cq,2.3022,22.6866,21.7741
2,30,ans_final,1.7070,23.3929,4.4819
2,30,ans_first,2.4541,24.0996,6.6907
2,30,cq,1.9869,36.0704,29.7308
2,30,ans_final,1.7650,36.5940,6.9371
2,30,ans_first,1.9866,37.6616,8.5690
2,30,cq,1.2904,39.8884,14.2250
2,30,ans_final,1.2978,40.1159,5.3151
2,30,ans_first,1.6489,40.3449,6.0055
2,30,cq,0.5415,41.2609,8.9994
2,30,ans_final,1.2513,41.5375,4.1927
2,30,ans_first,1.5815,41.8553,6.3383
2,30,cq,0.7305,46.5877,14.6079
2,30,ans_final,1.3833,46.6921,4.6854
2,30,ans_first,1.7597,46.8462,7.4111
2,30,cq,1.6527,47.1947,13.4903
2,30,ans_final,1.4775,47.4000,4.8034
2,30,ans_first,1.8354,48.1250,8.5421
2,30,cq,1.8850,51.7162,24.4386
2,30,ans_final,1.5682,52.3542,7.0904
2,30,ans_first,1.7510,52.7049,5.3475
2,30,cq,1.6565,56.6302,21.7327
2,30,ans_final,1.5793,56.8840,5.1775
2,31,ans_first,2.0919,8.6480,8.6480
2,31,cq,1.9040,32.1590,30.4481
2,31,ans_final,1.6080,32.7842,7.4473
2,31,ans_first,1.7007,33.0004,6.2118
2,31,cq,1.3426,35.3894,15.8558
2,31,ans_final,1.4262,35.7009,3.9600
2,31,ans_first,2.0730,37.1460,9.2639
2,31,cq,2.6062,48.2100,29.2978
2,31,ans_final,1.5855,48.2884,4.5927
2,31,ans_first,1.8950,48.3960,6.2160
2,31,cq,3.2722,54.7919,23.0639
2,31,ans_final,1.4925,55.0911,6.3850
2,31,ans_first,1.6314,56.4473,10.7793
2,31,cq,0.9519,59.9390,15.9905
2,31,ans_final,1.6653,60.5141,7.2756
2,31,ans_first,1.9660,60.5623,6.4327
2,31,cq,1.9993,65.8685,20.4524
2,31,ans_final,1.5413,65.8134,4.1797
2,31,ans_first,1.5092,65.8971,5.5823
2,31,cq,0.6295,67.3145,11.6027
2,31,ans_final,1.5035,67.5840,5.7726
2,31,ans_first,1.9905,68.1559,6.9949
2,31,cq,1.7133,71.1223,15.3990
2,31,ans_final,1.6767,71.8430,5.8806
2,32,ans_first,1.9327,7.0028,7.0028
2,32,cq,1.0991,15.6660,13.8678
2,32,ans_final,1.4255,16.0820,4.8085
2,32,ans_first,2.2997,17.6406,7.5912
2,32,cq,2.2254,27.0832,20.8057
2,32,ans_final,1.7986,27.4839,5.3052
2,32,ans_first,1.4709,27.9768,4.8059
2,32,cq,1.4239,31.3538,14.7131
2,32,ans_final,1.5653,31.8096,4.5281
2,32,ans_first,2.1162,32.7599,6.4223
2,32,cq,1.2260,36.4082,18.8435
2,32,ans_final,1.4726,36.8435,5.1168
2,32,ans_first,1.9596,37.3094,5.8198
2,32,cq,2.0536,42.6655,18.8352
2,32,ans_final,1.3334,42.8217,4.6366
2,32,ans_first,2.0085,43.4456,7.2269
2,32,cq,1.7615,46.6058,17.2139
2,32,ans_final,1.0935,46.8987,5.7029
2,32,ans_first,1.6027,47.2117,4.6104
2,32,cq,1.3724,50.8596,15.1292
2,32,ans_final,1.2635,51.2234,4.8218
2,32,ans_first,1.7873,51.8510,8.8582
2,32,cq,1.6244,55.3297,16.7516
2,32,ans_final,1.3225,55.4803,4.1329
2,33,ans_first,1.9247,5.3341,5.3341
2,33,cq,1.3870,19.7362,18.8627
2,33,ans_final,1.0710,20.8377,6.2998
2,33,ans_first,1.8200,22.2923,8.2133
2,33,cq,1.4302,26.3847,16.1393
2,33,ans_final,1.7750,27.3297,8.0256
2,33,ans_first,2.1447,28.7819,8.1163
2,33,cq,1.4426,31.7981,13.5566
2,33,ans_final,1.5649,32.4063,6.3204
2,33,ans_first,1.0749,32.9254,8.2231
2,33,cq,2.3231,39.6864,22.8044
2,33,ans_final,1.3448,40.0412,6.6378
2,33,ans_first,1.5213,41.8631,14.8473
2,33,cq,1.3541,44.3402,16.6223
2,33,ans_final,1.5205,44.5719,4.2187
2,33,ans_first,1.9746,45.1417,6.8438
2,33,cq,1.5391,50.2154,19.4412
2,33,ans_final,1.5039,50.8666,5.7912
2,33,ans_first,1.8973,51.8267,8.0260
2,33,cq,1.2362,55.5272,19.5536
2,33,ans_final,1.6810,56.7255,10.2033
2,33,ans_first,1.9725,57.0238,6.0549
2,33,cq,1.5547,59.4251,15.5841
2,33,ans_final,1.3647,59.7724,6.8851
2,34,ans_first,2.6909,9.0009,9.0009
2,34,cq,3.1579,38.6411,37.9906
2,34,ans_final,1.3961,38.6889,3.9856
2,34,ans_first,2.3065,39.5363,7.3972
2,34,cq,1.3339,43.0487,14.7045
2,34,ans_final,1.4803,43.2869,4.5992
2,34,ans_first,2.0054,43.7572,5.8826
2,34,cq,0.3029,44.7760,12.9984
2,34,ans_final,1.4815,44.9064,4.2589
2,34,ans_first,2.7038,45.2600,6.9159
2,34,cq,1.2698,45.6716,16.3960
2,34,ans_final,1.7675,45.9333,4.7901
2,34,ans_first,1.9452,46.0687,4.0276
2,34,cq,0.9579,48.8076,12.8074
2,34,ans_final,1.4656,49.1504,6.0931
2,34,ans_first,1.8223,49.3837,4.0796
2,34,cq,0.8337,53.1716,12.3078
2,34,ans_final,1.5035,53.4571,6.0035
2,34,ans_first,1.9595,53.7408,5.2920
2,34,cq,1.7783,57.3711,16.2763
2,34,ans_final,1.7177,57.6757,5.8209
2,34,ans_first,1.9695,58.1415,6.9666
2,34,cq,1.6810,59.8748,18.8451
2,34,ans_final,1.4799,59.9654,4.6983
2,35,ans_first,2.6016,6.0770,6.0770
2,35,cq,1.4570,22.7153,22.1473
2,35,ans_final,1.5505,23.0705,4.7702
2,35,ans_first,1.8530,24.2639,7.5196
2,35,cq,2.0632,28.4108,16.2609
2,35,ans_final,1.6422,28.6261,6.1033
2,35,ans_first,1.6946,29.1101,5.4339
2,35,cq,0.5742,33.8488,14.2422
2,35,ans_final,1.3217,34.1760,4.0252
2,35,ans_first,1.8729,34.8616,6.0542
2,35,cq,0.9229,40.5934,14.9663
2,35,ans_final,1.4957,40.9286,5.7204
2,35,ans_first,1.4958,42.5322,9.1703
2,35,cq,2.1546,49.3041,25.8826
2,35,ans_final,1.4066,49.4348,4.6943
2,35,ans_first,2.1141,49.4020,6.5354
2,35,cq,0.9377,52.8614,14.7330
2,35,ans_final,1.4970,53.4060,6.0855
2,35,ans_first,1.9795,53.6699,6.7429
2,35,cq,1.0877,55.1874,13.1063
2,35,ans_final,1.6719,55.2379,6.2081
2,35,ans_first,2.2074,55.5354,7.0441
2,35,cq,2.4969,67.2955,30.3471
2,35,ans_final,1.7891,67.4173,6.0395
2,36,ans_first,1.4602,8.9385,8.9385
2,36,cq,1.8871,25.7622,24.6272
2,36,ans_final,1.4607,25.9459,4.6398
2,36,ans_first,1.7278,26.8297,6.0882
2,36,cq,1.2848,30.6888,13.7259
2,36,ans_final,0.3892,31.1717,3.8277
2,36,ans_first,2.2437,32.5236,9.0070
2,36,cq,1.5445,36.4739,14.1395
2,36,ans_final,1.6315,36.8234,8.3544
2,36,ans_first,1.9805,37.4525,5.9321
2,36,cq,1.4020,42.4761,16.4567
2,36,ans_final,1.5150,42.7586,5.7426
2,36,ans_first,1.6681,43.3237,8.0958
2,36,cq,0.7074,44.0432,13.8989
2,36,ans_final,1.4075,44.5304,6.2722
2,36,ans_first,1.2636,45.0480,4.8732
2,36,cq,1.5768,49.7027,18.0955
2,36,ans_final,1.4721,50.0040,6.0373
2,36,ans_first,1.2876,50.4174,6.0671
2,36,cq,0.4336,53.4176,15.8512
2,36,ans_final,1.3822,53.6710,6.0864
2,36,ans_first,1.2322,53.8240,4.8502
2,36,cq,1.3601,56.8640,17.7571
2,36,ans_final,1.4500,57.3260,6.2848
2,37,ans_first,1.7291,10.0413,10.0413
2,37,cq,1.1577,18.2509,15.1868
2,37,ans_final,1.3167,18.4927,4.4948
2,37,ans_first,1.9012,19.7947,6.0027
2,37,cq,1.2091,22.0437,10.1569
2,37,ans_final,1.5790,22.4590,4.6556
2,37,ans_first,1.6995,22.7024,4.5122
2,37,cq,1.2054,27.3570,16.2331
2,37,ans_final,1.8992,27.8641,5.8037
2,37,ans_first,1.7509,28.1282,7.1324
2,37,cq,1.5124,33.4528,18.0430
2,37,ans_final,1.3941,33.8882,3.8401
2,37,ans_first,1.9148,34.2164,5.9016
2,37,cq,0.6338,34.4879,8.8515
2,37,ans_final,1.6727,35.5486,7.9727
2,37,ans_first,1.9966,37.1859,11.1962
2,37,cq,1.6217,43.3905,24.4767
2,37,ans_final,1.3328,43.9580,6.9219
2,37,ans_first,2.1274,44.3931,7.1860
2,37,cq,1.9092,48.2803,15.3939
2,37,ans_final,1.6518,49.0741,8.0247
2,37,ans_first,1.6507,49.3095,5.8471
2,37,cq,1.7883,51.6327,17.0169
2,37,ans_final,1.4898,52.2677,4.9939
2,38,ans_first,2.2542,8.0478,8.0478
2,38,cq,1.3884,21.1772,19.5193
2,38,ans_final,1.1842,21.8887,5.5324
2,38,ans_first,1.4291,23.1903,7.6252
2,38,cq,1.9263,38.2466,31.7809
2,38,ans_final,1.4844,38.9993,6.7201
2,38,ans_first,2.1520,39.3598,10.4054
2,38,cq,1.6038,48.3044,20.1344
2,38,ans_final,1.3600,49.2095,8.1135
2,38,ans_first,1.8253,49.8557,6.9580
2,38,cq,1.3190,65.2384,29.2900
2,38,ans_final,1.3569,65.2965,3.7610
2,38,ans_first,1.5034,65.8064,5.6145
2,38,cq,2.2945,65.3429,22.2112
2,38,ans_final,1.5413,65.5892,4.8586
2,38,ans_first,2.1482,65.9481,8.8227
2,38,cq,1.4891,70.1274,14.5814
2,38,ans_final,1.6401,70.5950,6.7348
2,38,ans_first,1.6603,70.7368,5.3063
2,38,cq,1.2539,73.2815,13.5655
2,38,ans_final,1.7395,73.8479,6.1757
2,38,ans_first,1.8725,74.1053,5.8708
2,38,cq,1.4560,79.1781,20.5437
2,38,ans_final,1.2905,79.5477,6.7725
2,39,ans_first,2.0478,6.5367,6.5367
2,39,cq,0.9052,17.1905,15.6621
2,39,ans_final,1.2466,18.0806,5.9700
2,39,ans_first,1.7172,19.4763,5.9178
2,39,cq,0.8680,25.4582,11.9020
2,39,ans_final,1.2860,26.0600,6.5315
2,39,ans_first,1.6707,27.1334,7.9738
2,39,cq,1.5313,37.7267,19.4272
2,39,ans_final,1.4907,38.3464,7.1848
2,39,ans_first,1.8874,38.9462,6.2707
2,39,cq,1.1565,43.1329,11.4497
2,39,ans_final,1.3483,43.4167,5.7267
2,39,ans_first,1.8825,43.9301,6.6354
2,39,cq,0.9319,49.5624,12.6598
2,39,ans_final,0.9947,49.8028,4.3349
2,39,ans_first,2.7729,51.4575,13.9858
2,39,cq,1.5039,53.0941,20.1978
2,39,ans_final,1.3132,53.4052,7.9289
2,39,ans_first,2.0170,54.7464,12.9127
2,39,cq,1.3567,63.3445,20.9776
2,39,ans_final,1.8186,64.0071,6.7586
2,39,ans_first,2.4006,64.6425,7.2343
2,39,cq,2.2343,71.7946,19.9885
2,39,ans_final,1.6117,72.1682,6.0591
2,40,ans_first,1.6317,10.7066,10.7066
2,40,cq,1.3692,25.6998,23.8223
2,40,ans_final,1.3106,26.3947,5.0933
2,40,ans_first,2.3502,27.4369,8.1878
2,40,cq,1.3192,29.3299,13.5717
2,40,ans_final,1.4073,29.6491,4.2279
2,40,ans_first,1.4438,30.3598,7.3643
2,40,cq,2.1649,36.5938,20.4101
2,40,ans_final,1.4790,37.0340,6.1170
2,40,ans_first,2.0009,37.8273,7.0461
2,40,cq,1.5183,41.3142,16.6773
2,40,ans_final,1.3261,41.9358,6.8981
2,40,ans_first,1.9595,42.0472,7.1248
2,40,cq,3.0662,49.7323,24.2687
2,40,ans_final,1.4050,49.7039,6.2049
2,40,ans_first,1.6605,50.3442,6.6985
2,40,cq,2.4061,55.0683,21.3960
2,40,ans_final,1.8799,55.3489,7.4233
2,40,ans_first,2.3086,55.8431,6.7118
2,40,cq,1.0579,55.4408,16.3201
2,40,ans_final,1.5106,55.5995,5.8495
2,40,ans_first,2.0875,56.2645,7.1583
2,40,cq,2.3331,66.5565,30.2075
2,40,ans_final,1.7234,67.1830,7.1574
2,41,ans_first,1.7703,7.0698,7.0698
2,41,cq,0.2899,11.6689,9.6073
2,41,ans_final,1.4328,13.0507,6.3185
2,41,ans_first,2.3927,15.0654,7.0709
2,41,cq,0.8520,19.3396,11.0927
2,41,ans_final,1.7509,20.5954,6.5199
2,41,ans_first,1.6513,21.9247,8.6663
2,41,cq,0.8957,27.6457,16.0817
2,41,ans_final,1.3540,28.2395,5.4023
2,41,ans_first,2.1859,29.5964,8.7238
2,41,cq,3.0469,38.8082,22.2866
2,41,ans_final,1.5303,39.1102,5.3928
2,41,ans_first,1.9681,39.6970,7.3773
2,41,cq,1.0852,46.0223,16.6317
2,41,ans_final,1.3742,46.3366,5.0602
2,41,ans_first,2.3147,47.1804,7.6587
2,41,cq,1.2612,56.7000,19.7507
2,41,ans_final,1.3826,56.9838,5.0968
2,41,ans_first,2.1239,57.9117,9.6471
2,41,cq,0.4208,59.1681,14.8913
2,41,ans_final,1.4413,59.5660,4.5461
2,41,ans_first,1.6243,60.5695,8.9452
2,41,cq,0.9183,65.7543,13.8997
2,41,ans_final,1.5430,66.6551,7.4243
2,42,ans_first,2.3036,7.3850,7.3850
2,42,cq,2.6694,21.0102,19.4589
2,42,ans_final,1.5172,21.6900,6.8267
2,42,ans_first,2.4070,22.2469,6.0590
2,42,cq,2.6037,28.1069,15.5364
2,42,ans_final,1.5135,28.4481,7.0088
2,42,ans_first,2.1584,29.2017,5.9252
2,42,cq,2.0979,34.2790,16.1590
2,42,ans_final,1.0606,34.6065,4.4494
2,42,ans_first,2.6796,36.9623,12.5765
2,42,cq,1.2996,40.8942,20.1994
2,42,ans_final,1.4752,41.3694,7.8727
2,42,ans_first,1.5760,41.6723,5.6718
2,42,cq,1.0676,46.5871,15.6888
2,42,ans_final,1.3691,47.1653,6.2246
2,42,ans_first,1.3691,47.6773,6.1426
2,42,cq,1.5233,54.3993,17.4284
2,42,ans_final,1.4465,54.9092,6.3155
2,42,ans_first,1.6880,55.4538,6.4959
2,42,cq,1.5890,66.8554,24.6097
2,42,ans_final,1.4750,67.1503,5.7749
2,42,ans_first,2.5155,67.5811,7.0144
2,42,cq,1.4015,75.0340,16.3653
2,42,ans_final,1.3184,75.2000,4.4165
2,43,ans_first,2.1844,7.6020,7.6020
2,43,cq,1.5764,22.6684,21.5957
2,43,ans_final,1.7391,24.1417,7.9645
2,43,ans_first,1.5271,24.9933,6.8404
2,43,cq,1.1848,35.0222,22.3066
2,43,ans_final,1.3373,35.3866,4.5500
2,43,ans_first,2.0947,35.6043,5.6995
2,43,cq,0.9519,37.9271,16.1413
2,43,ans_final,1.2492,38.3073,5.5234
2,43,ans_first,1.6927,39.0480,7.4658
2,43,cq,0.6659,40.2506,11.5001
2,43,ans_final,1.3667,40.9870,7.2551
2,43,ans_first,2.0027,42.2526,11.7717
2,43,cq,1.6644,44.1232,26.6008
2,43,ans_final,1.3892,44.3845,5.8535
2,43,ans_first,2.2370,44.5863,7.7564
2,43,cq,1.3308,47.8132,12.6416
2,43,ans_final,1.3933,48.0102,4.2372
2,43,ans_first,1.6193,48.4368,6.2750
2,43,cq,1.2903,51.8096,16.8132
2,43,ans_final,1.3838,52.3818,6.8191
2,43,ans_first,2.2491,52.7854,8.6039
2,43,cq,1.3371,58.2319,18.7839
2,43,ans_final,1.4157,59.3514,7.6390
2,44,ans_first,1.3740,5.1337,5.1337
2,44,cq,1.0945,17.3869,17.1449
2,44,ans_final,1.4997,18.9290,7.0438
2,44,ans_first,1.5821,20.0741,5.8660
2,44,cq,1.0070,25.2582,12.2533
2,44,ans_final,1.5685,26.5660,7.3629
2,44,ans_first,2.0877,27.1028,5.8334
2,44,cq,1.6010,32.2884,13.9621
2,44,ans_final,1.6154,32.9884,6.0051
2,44,ans_first,2.6340,33.9515,8.0990
2,44,cq,1.3681,41.1228,17.7083
2,44,ans_final,1.4091,42.0248,7.2352
2,44,ans_first,2.1121,42.9490,9.0925
2,44,cq,1.9580,46.3215,18.8873
2,44,ans_final,1.3908,46.7284,5.2140
2,44,ans_first,2.1654,47.7979,8.9407
2,44,cq,1.1250,56.3122,15.6590
2,44,ans_final,1.2809,56.8370,5.6149
2,44,ans_first,1.8716,57.0724,4.6078
2,44,cq,1.0429,58.0933,9.5092
2,44,ans_final,1.3840,58.8097,5.3154
2,44,ans_first,1.7728,59.6409,7.1087
2,44,cq,0.8877,65.4471,14.7096
2,44,ans_final,1.3976,66.0605,5.8734
2,45,ans_first,1.2916,5.4094,5.4094
2,45,cq,1.4687,15.3656,14.2817
2,45,ans_final,1.6400,17.0168,6.8127
2,45,ans_first,2.1767,18.3548,6.5532
2,45,cq,1.1428,22.1296,13.4807
2,45,ans_final,1.3194,22.0619,4.0563
2,45,ans_first,2.3073,23.1957,6.8834
2,45,cq,1.8380,29.5434,20.7752
2,45,ans_final,1.6021,29.6095,4.5624
2,45,ans_first,1.8669,30.5153,6.6275
2,45,cq,1.5304,34.6029,16.2856
2,45,ans_final,1.5074,35.0246,7.2504
2,45,ans_first,1.7437,35.6800,6.5233
2,45,cq,2.9748,50.9049,38.6933
2,45,ans_final,1.3246,50.9183,7.2033
2,45,ans_first,1.8697,51.4246,7.0958
2,45,cq,0.9938,54.3856,16.7293
2,45,ans_final,1.4576,54.9801,7.1314
2,45,ans_first,1.7312,55.5282,6.5167
2,45,cq,1.3367,58.9103,20.3205
2,45,ans_final,1.5140,59.1867,5.7535
2,45,ans_first,1.4253,59.4116,5.4436
2,45,cq,1.1198,72.7244,43.0317
2,45,ans_final,1.4812,73.1998,6.8771
2,46,ans_first,1.8324,7.4972,7.4972
2,46,cq,1.2528,16.8663,15.1505
2,46,ans_final,1.3788,17.4677,5.4037
2,46,ans_first,1.4817,18.3695,5.2074
2,46,cq,1.7445,24.7011,17.9290
2,46,ans_final,1.4329,24.9815,4.4747
2,46,ans_first,1.6560,25.2715,4.5236
2,46,cq,1.5510,33.3214,20.7227
2,46,ans_final,1.5334,33.4345,4.2521
2,46,ans_first,1.2936,33.8899,6.2724
2,46,cq,1.4658,39.3114,19.9051
2,46,ans_final,1.3073,39.5549,4.8525
2,46,ans_first,1.8234,40.1508,6.5341
2,46,cq,1.5431,43.1562,14.7862
2,46,ans_final,1.3695,43.3885,4.1675
2,46,ans_first,1.8081,44.2275,7.6746
2,46,cq,1.0850,48.8598,21.8464
2,46,ans_final,1.2589,48.9313,5.1277
2,46,ans_first,2.2027,49.4223,7.3820
2,46,cq,1.4122,51.7561,17.9681
2,46,ans_final,1.4767,51.8984,5.9229
2,46,ans_first,1.6399,52.4057,5.7017
2,46,cq,1.7063,55.7264,18.6728
2,46,ans_final,1.3863,56.1248,5.2259
2,47,ans_first,1.4690,6.5517,6.5517
2,47,cq,1.3715,25.3599,24.6327
2,47,ans_final,1.3866,25.5297,4.3876
2,47,ans_first,1.7524,26.2070,5.8249
2,47,cq,1.1172,29.5109,13.3022
2,47,ans_final,1.4264,29.6802,4.6879
2,47,ans_first,1.6395,30.9015,6.8256
2,47,cq,0.4414,35.5781,16.7821
2,47,ans_final,1.2449,35.8984,4.1710
2,47,ans_first,1.8139,36.4862,6.9875
2,47,cq,3.1516,43.3000,22.9571
2,47,ans_final,1.4507,43.5418,6.3622
2,47,ans_first,1.8221,44.3175,8.0745
2,47,cq,1.4408,47.5476,18.4882
2,47,ans_final,1.2609,47.9648,6.1234
2,47,ans_first,1.6527,48.8459,9.2859
2,47,cq,0.4476,49.7182,12.8302
2,47,ans_final,1.2775,50.1189,5.1246
2,47,ans_first,2.1521,50.5834,8.5172
2,47,cq,1.8467,55.3029,18.2920
2,47,ans_final,1.5075,55.5770,5.5210
2,47,ans_first,1.3801,55.9588,7.8419
2,47,cq,1.6939,57.9707,18.4222
2,47,ans_final,1.5179,58.3948,6.6356
2,48,ans_first,1.5806,6.7669,6.7669
2,48,cq,0.9372,18.6299,17.3021
2,48,ans_final,1.4399,18.8827,5.0772
2,48,ans_first,1.7107,20.1622,7.0500
2,48,cq,0.2290,23.5563,9.2376
2,48,ans_final,1.4187,24.1465,4.7707
2,48,ans_first,1.8150,25.5305,8.0512
2,48,cq,1.1239,33.0912,15.6399
2,48,ans_final,1.3797,34.1465,6.8624
2,48,ans_first,1.9562,34.6561,6.3666
2,48,cq,2.7751,40.3296,21.2394
2,48,ans_final,1.6802,40.7888,7.5387
2,48,ans_first,2.6458,41.5923,7.1744
2,48,cq,2.5124,45.5535,18.7895
2,48,ans_final,1.6227,45.6441,5.6669
2,48,ans_first,1.2203,46.1344,7.0679
2,48,cq,1.7375,51.1154,17.6923
2,48,ans_final,1.7194,51.5419,6.9612
2,48,ans_first,1.8126,51.8513,6.9735
2,48,cq,1.3443,53.9629,15.6309
2,48,ans_final,1.2863,53.9246,3.6300
2,48,ans_first,1.1946,54.4664,6.8743
2,48,cq,2.5290,59.4020,25.6242
2,48,ans_final,1.5962,59.4186,6.8413
2,49,ans_first,1.8869,6.4113,6.4113
2,49,cq,1.3145,17.6319,16.1952
2,49,ans_final,1.5093,18.2744,4.8941
2,49,ans_first,1.5473,19.3605,7.2344
2,49,cq,1.5437,27.1609,17.2203
2,49,ans_final,1.4742,27.6446,6.5970
2,49,ans_first,1.6094,28.5156,6.7502
2,49,cq,1.1431,29.8556,15.3429
2,49,ans_final,1.2437,30.3365,5.6265
2,49,ans_first,2.3041,31.1772,6.8516
2,49,cq,1.7442,36.0901,14.9671
2,49,ans_final,1.4091,36.6886,5.2218
2,49,ans_first,1.3770,36.9183,4.9666
2,49,cq,1.3874,39.3400,17.5176
2,49,ans_final,1.4413,39.5868,4.6091
2,49,ans_first,1.6228,52.9599,36.7059
2,49,cq,1.9734,58.9995,27.9468
2,49,ans_final,1.6299,60.0225,8.0945
2,49,ans_first,1.5059,60.7755,8.2177
2,49,cq,1.1081,64.8371,16.9252
2,49,ans_final,1.2976,65.2214,4.1539
2,49,ans_first,2.5360,65.3870,7.4034
2,49,cq,1.4840,69.6821,20.1901
2,49,ans_final,1.4524,69.9988,4.1957
2,50,ans_first,2.2069,6.5758,6.5758
2,50,cq,1.0273,15.2747,13.9564
2,50,ans_final,1.4488,16.0370,5.8906
2,50,ans_first,1.8692,17.6966,6.8527
2,50,cq,1.4130,27.7805,20.2648
2,50,ans_final,1.7083,28.4075,6.4929
2,50,ans_first,1.3332,29.9608,8.5309
2,50,cq,1.4560,36.7805,21.1936
2,50,ans_final,1.3119,37.1231,4.8386
2,50,ans_first,1.8688,37.4832,6.3659
2,50,cq,2.9831,44.5685,25.6067
2,50,ans_final,1.2855,44.7824,3.9991
2,50,ans_first,1.8334,45.2549,7.6914
2,50,cq,1.4989,46.0532,15.7423
2,50,ans_final,1.5773,46.2700,5.4736
2,50,ans_first,1.9365,47.2546,9.2535
2,50,cq,0.3084,47.2567,12.4919
2,50,ans_final,1.3818,47.6144,5.8168
2,50,ans_first,2.5754,48.3527,8.3605
2,50,cq,2.1747,50.4195,19.9182
2,50,ans_final,1.6322,50.8588,6.1796
2,50,ans_first,1.6207,51.6100,7.4525
2,50,cq,0.2303,52.9276,10.3343
2,50,ans_final,1.2321,53.1540,4.1764
2,51,ans_first,2.0591,6.7992,6.7992
2,51,cq,0.9718,13.9234,11.8975
2,51,ans_final,1.5315,14.6153,4.3411
2,51,ans_first,1.5241,16.6393,8.4935
2,51,cq,1.3774,36.2282,33.5188
2,51,ans_final,1.5490,36.5120,4.2553
2,51,ans_first,1.6770,37.0625,5.9730
2,51,cq,0.3153,40.0941,14.1880
2,51,ans_final,1.3611,40.2736,4.0753
2,51,ans_first,1.8436,40.7603,5.7308
2,51,cq,2.0629,44.3778,19.2465
2,51,ans_final,1.7116,44.6819,8.0245
2,51,ans_first,1.4416,45.1260,5.4927
2,51,cq,1.0322,47.5829,17.6480
2,51,ans_final,1.6016,47.9727,6.1536
2,51,ans_first,2.1865,49.0320,9.3166
2,51,cq,1.6527,52.4285,18.8715
2,51,ans_final,1.4222,52.6789,4.9712
2,51,ans_first,1.2265,52.8638,4.6806
2,51,cq,1.3812,55.1035,13.6572
2,51,ans_final,1.3734,55.5078,5.5029
2,51,ans_first,1.4156,55.9232,6.5047
2,51,cq,1.5645,56.7866,14.4879
2,51,ans_final,1.2740,57.1351,4.3283
2,52,ans_first,1.7976,10.0872,10.0872
2,52,cq,1.1324,23.4705,21.2840
2,52,ans_final,1.7413,25.3673,9.7464
2,52,ans_first,2.1108,27.2217,9.2521
2,52,cq,1.4543,33.9856,19.3240
2,52,ans_final,1.1826,34.6653,7.4511
2,52,ans_first,1.8763,35.5507,9.2638
2,52,cq,1.2741,38.1954,15.3808
2,52,ans_final,1.4516,38.7858,6.6244
2,52,ans_first,2.0742,39.0862,6.4783
2,52,cq,1.9123,42.2899,16.4935
2,52,ans_final,1.5557,43.0291,6.6455
2,52,ans_first,1.8578,43.8801,9.6442
2,52,cq,1.4792,52.7008,27.8997
2,52,ans_final,1.6205,53.0602,6.8927
2,52,ans_first,1.9941,53.1981,5.8842
2,52,cq,0.9256,55.1431,11.3298
2,52,ans_final,1.2622,55.5451,6.3304
2,52,ans_first,1.7193,56.1624,8.1434
2,52,cq,2.1087,59.1020,20.8200
2,52,ans_final,1.3273,59.5091,4.6635
2,52,ans_first,1.5316,59.7395,5.4589
2,52,cq,1.3083,61.9091,16.8416
2,52,ans_final,1.5998,62.1975,5.5134
2,53,ans_first,2.3044,8.6653,8.6653
2,53,cq,1.5991,30.5383,29.6580
2,53,ans_final,1.7168,30.9981,6.6639
2,53,ans_first,1.4263,31.9292,7.4394
2,53,cq,0.3916,31.2120,13.6476
2,53,ans_final,1.2959,32.1346,7.0148
2,53,ans_first,2.2521,32.5133,5.4759
2,53,cq,1.7338,36.4485,20.0005
2,53,ans_final,1.5157,36.9062,5.2330
2,53,ans_first,1.8757,38.1360,10.1660
2,53,cq,0.8375,41.2963,14.5713
2,53,ans_final,1.3739,41.5545,4.6664
2,53,ans_first,2.0789,42.5178,8.8548
2,53,cq,1.5844,44.8790,14.3540
2,53,ans_final,1.4287,46.2501,10.0145
2,53,ans_first,1.5027,46.3562,6.3008
2,53,cq,1.2529,51.2951,19.2389
2,53,ans_final,1.6044,51.7613,6.4815
2,53,ans_first,1.9741,52.3250,9.1895
2,53,cq,2.5914,53.5782,23.2257
2,53,ans_final,1.4267,54.3328,6.5880
2,53,ans_first,2.0905,54.9570,11.3796
2,53,cq,2.3065,61.8973,24.9997
2,53,ans_final,1.6628,62.2104,7.1535
2,54,ans_first,1.9015,7.1695,7.1695
2,54,cq,1.9240,18.2625,16.8720
2,54,ans_final,1.4705,19.7502,6.9073
2,54,ans_first,1.5900,20.6926,5.8198
2,54,cq,0.1443,21.8037,5.3813
2,54,ans_final,1.3569,22.2630,4.1674
2,54,ans_first,1.3911,23.6162,7.0764
2,54,cq,0.2214,29.0493,12.0635
2,54,ans_final,1.0679,29.7428,4.7866
2,54,ans_first,2.1861,30.8914,9.2658
2,54,cq,1.7879,35.1229,17.6828
2,54,ans_final,1.5057,35.5229,5.5234
2,54,ans_first,1.6095,35.9099,6.4879
2,54,cq,1.5517,40.4636,16.1787
2,54,ans_final,1.3143,40.6858,5.0192
2,54,ans_first,1.6469,41.5835,8.2903
2,54,cq,0.6467,43.4695,12.0073
2,54,ans_final,1.2965,43.8638,5.6459
2,54,ans_first,2.3946,44.9046,9.6278
2,54,cq,1.3658,46.3891,17.1281
2,54,ans_final,1.5907,47.0559,7.1967
2,54,ans_first,2.3759,49.1941,15.1001
2,54,cq,3.6564,57.4698,32.3825
2,54,ans_final,1.5614,57.7949,5.6456
2,55,ans_first,1.9554,7.9599,7.9599
2,55,cq,2.3216,18.9903,17.5965
2,55,ans_final,1.8655,20.0765,6.9696
2,55,ans_first,2.2404,21.4532,7.8319
2,55,cq,1.3458,27.7432,18.5580
2,55,ans_final,1.6259,27.7707,4.1496
2,55,ans_first,1.5515,28.5506,6.9030
2,55,cq,1.5498,39.8114,28.0846
2,55,ans_final,1.4609,40.4934,6.9996
2,55,ans_first,1.6443,40.8890,5.4364
2,55,cq,2.0470,45.3341,19.5538
2,55,ans_final,1.6639,45.6344,6.1901
2,55,ans_first,1.6399,45.9789,6.3699
2,55,cq,0.8862,48.1523,12.6881
2,55,ans_final,1.6277,48.4578,6.6800
2,55,ans_first,1.3425,48.7938,3.9998
2,55,cq,0.8958,56.4489,20.7098
2,55,ans_final,1.5993,56.5568,6.5002
2,55,ans_first,1.8660,57.9641,10.0386
2,55,cq,2.8956,66.7021,29.7556
2,55,ans_final,1.4125,66.5851,4.6868
2,55,ans_first,2.0030,67.1431,7.7019
2,55,cq,1.8848,70.1929,21.5513
2,55,ans_final,1.2412,70.3225,5.9848
2,56,ans_first,1.9272,10.8306,10.8306
2,56,cq,1.9109,29.5412,27.9727
2,56,ans_final,1.5110,31.9579,9.8745
2,56,ans_first,1.3970,32.6835,7.0342
2,56,cq,0.1792,32.9910,6.6491
2,56,ans_final,1.4443,33.4244,5.7915
2,56,ans_first,1.2007,34.0096,6.9086
2,56,cq,0.5648,35.5724,11.2175
2,56,ans_final,1.0086,36.1020,4.8517
2,56,ans_first,2.6626,37.0992,8.9371
2,56,cq,1.8665,42.9281,21.0728
2,56,ans_final,1.3689,43.0501,6.0003
2,56,ans_first,1.6527,43.7857,7.3615
2,56,cq,2.0028,46.7467,21.7055
2,56,ans_final,1.5444,47.3971,7.0750
2,56,ans_first,1.5273,47.8395,6.8362
2,56,cq,1.0426,55.9089,24.1052
2,56,ans_final,1.5474,56.0904,6.4920
2,56,ans_first,2.0697,56.2357,5.6373
2,56,cq,1.7707,59.6298,18.9005
2,56,ans_final,1.3300,60.0662,5.2100
2,56,ans_first,1.6562,60.4253,8.1755
2,56,cq,0.3955,61.5789,12.0373
2,56,ans_final,1.4176,62.2672,6.7339
2,57,ans_first,2.7712,8.5012,8.5012
2,57,cq,2.2759,20.8532,18.8091
2,57,ans_final,1.4712,21.0360,4.2222
2,57,ans_first,1.6604,22.1360,6.6117
2,57,cq,0.7213,26.2790,14.0165
2,57,ans_final,1.4029,26.7618,5.8500
2,57,ans_first,2.6911,28.3329,8.6193
2,57,cq,1.9903,34.2754,22.4408
2,57,ans_final,1.4387,34.6365,4.8056
2,57,ans_first,1.8326,35.2081,6.5465
2,57,cq,1.6702,40.6925,18.8168
2,57,ans_final,1.4675,40.5513,4.6224
2,57,ans_first,2.1429,42.1597,9.8490
2,57,cq,1.1623,48.8474,20.5864
2,57,ans_final,1.2480,49.1434,6.3768
2,57,ans_first,1.6534,49.6275,5.6127
2,57,cq,1.0872,50.9113,16.6493
2,57,ans_final,1.3348,51.0039,4.4147
2,57,ans_first,1.5682,52.0110,6.6515
2,57,cq,1.0418,54.1619,12.4014
2,57,ans_final,1.3354,54.3624,5.7773
2,57,ans_first,1.8133,55.1062,7.2377
2,57,cq,1.8040,58.4895,19.7503
2,57,ans_final,1.5984,59.1411,6.9103
2,58,ans_first,2.1554,5.1462,5.1462
2,58,cq,1.1166,12.5941,11.6184
2,58,ans_final,1.4910,12.8318,3.6879
2,58,ans_first,1.3683,13.7382,4.7427
2,58,cq,2.0792,33.9189,31.5769
2,58,ans_final,1.4804,34.1768,6.1445
2,58,ans_first,1.7620,34.5408,6.4709
2,58,cq,1.8369,39.7429,18.3330
2,58,ans_final,1.2204,39.9148,5.1825
2,58,ans_first,1.6942,40.5393,6.8591
2,58,cq,1.0561,44.1051,14.2009
2,58,ans_final,1.2152,44.1907,3.5219
2,58,ans_first,2.0381,44.6652,5.3984
2,58,cq,1.9624,47.8912,17.6057
2,58,ans_final,1.5660,48.0309,4.2791
2,58,ans_first,1.8155,49.3505,12.7173
2,58,cq,1.2927,51.2769,16.2395
2,58,ans_final,1.3992,51.7289,7.8663
2,58,ans_first,2.5736,52.3931,9.3784
2,58,cq,1.8602,56.2900,20.8608
2,58,ans_final,1.4945,57.1921,9.6329
2,58,ans_first,1.8543,57.3179,7.9414
2,58,cq,1.3183,58.9527,13.6929
2,58,ans_final,1.3566,59.6419,7.5226
2,59,ans_first,1.5651,7.2337,7.2337
2,59,cq,0.3772,16.8986,15.0858
2,59,ans_final,1.4167,17.8694,5.6973
2,59,ans_first,1.0872,19.7109,8.6280
2,59,cq,2.1310,26.1056,19.4559
2,59,ans_final,1.7847,27.2509,8.2307
2,59,ans_first,2.3362,28.2956,6.7295
2,59,cq,1.3792,31.8145,15.0521
2,59,ans_final,1.4957,32.1134,6.8062
2,59,ans_first,1.0483,32.5310,5.1035
2,59,cq,0.8750,35.7034,14.9762
2,59,ans_final,1.3941,36.1678,6.4927
2,59,ans_first,1.5026,36.7525,6.3147
2,59,cq,0.2254,39.7383,9.4376
2,59,ans_final,1.2226,40.0924,4.2462
2,59,ans_first,2.0354,41.6374,8.9268
2,59,cq,0.9561,45.2413,19.7150
2,59,ans_final,1.2690,45.8294,5.8864
2,59,ans_first,1.4460,46.2601,6.2125
2,59,cq,2.2269,49.6109,22.6119
2,59,ans_final,1.6394,50.2545,7.5724
2,59,ans_first,2.0838,51.0437,8.3586
2,59,cq,1.6508,55.9297,24.0527
2,59,ans_final,1.4230,56.9969,7.8979
2,60,ans_first,1.9083,6.5020,6.5020
2,60,cq,1.6859,25.7660,25.0922
2,60,ans_final,1.4999,25.8333,4.6905
2,60,ans_first,2.1195,26.7098,7.3318
2,60,cq,2.3809,32.1339,21.4609
2,60,ans_final,1.3412,32.7826,6.3897
2,60,ans_first,1.8596,33.1041,4.9109
2,60,cq,1.6559,39.9210,22.1567
2,60,ans_final,1.2813,40.0634,4.7497
2,60,ans_first,2.2112,41.2317,8.3736
2,60,cq,2.6284,51.5311,26.7238
2,60,ans_final,1.5091,52.1010,7.8260
2,60,ans_first,1.4824,52.8468,9.2847
2,60,cq,1.3527,55.5285,19.6917
2,60,ans_final,1.8939,56.0479,8.3573
2,60,ans_first,1.7876,56.5923,6.2896
2,60,cq,1.8934,60.9797,15.9055
2,60,ans_final,1.2250,61.2384,5.2012
2,60,ans_first,1.7974,61.6411,5.4337
2,60,cq,1.9919,67.9346,22.0078
2,60,ans_final,1.5769,68.2582,6.4446
2,60,ans_first,2.0034,68.7100,6.5927
2,60,cq,1.0443,69.7850,16.5982
2,60,ans_final,1.3435,69.7548,3.8329
2,61,ans_first,1.9661,6.6313,6.6313
2,61,cq,1.2184,21.0498,19.8938
2,61,ans_final,1.4663,21.4628,6.8933
2,61,ans_first,1.3896,22.5220,7.3946
2,61,cq,1.3778,32.1284,21.5137
2,61,ans_final,1.6523,32.5379,5.2326
2,61,ans_first,0.9872,33.0062,6.7183
2,61,cq,0.6223,40.9173,22.2592
2,61,ans_final,1.3765,41.5361,5.6203
2,61,ans_first,1.8080,42.1851,7.5005
2,61,cq,0.9046,45.9092,16.2171
2,61,ans_final,1.4726,46.4867,6.7115
2,61,ans_first,1.3714,46.7970,6.1262
2,61,cq,2.8579,47.6022,19.0606
2,61,ans_final,1.1723,47.7884,4.9422
2,61,ans_first,1.6244,47.8745,6.2175
2,61,cq,0.3967,49.1968,19.1250
2,61,ans_final,1.2884,49.4043,4.2435
2,61,ans_first,1.8158,49.5026,6.4397
2,61,cq,1.3836,50.7407,13.3848
2,61,ans_final,1.5401,51.3993,5.4226
2,61,ans_first,1.9115,51.5776,5.6030
2,61,cq,1.9375,55.8143,23.6078
2,61,ans_final,1.2185,56.4306,5.4093
2,62,ans_first,1.0232,7.2709,7.2709
2,62,cq,0.5255,16.0890,13.9924
2,62,ans_final,1.4961,17.0348,5.5043
2,62,ans_first,1.9309,18.3142,7.2160
2,62,cq,1.2310,24.2561,15.0180
2,62,ans_final,1.5661,25.0031,5.5642
2,62,ans_first,1.9038,25.6941,5.7904
2,62,cq,2.4255,34.7055,21.0626
2,62,ans_final,1.5786,35.4501,7.6036
2,62,ans_first,2.1579,35.8075,6.2012
2,62,cq,2.0515,38.4453,14.8450
2,62,ans_final,1.3721,38.7988,4.1811
3,0,ans_first,1.6643,5.4401,5.4401
3,0,cq,1.2047,14.5979,13.8280
3,0,ans_final,1.4181,15.4009,5.4992
3,0,ans_first,1.9965,16.7928,6.9359
3,0,cq,1.6070,23.4481,15.6645
3,0,ans_final,1.3089,24.2244,5.5705
3,0,ans_first,1.5656,25.3495,6.6198
3,0,cq,1.0463,28.6167,12.7574
3,0,ans_final,1.3598,29.2304,6.1085
3,0,ans_first,2.1135,31.8258,11.6669
3,0,cq,0.9801,34.3860,12.7129
3,0,ans_final,1.3540,34.9157,6.7728
3,0,ans_first,1.8111,35.7441,7.0568
3,0,cq,3.1302,41.8551,23.3107
3,0,ans_final,1.4868,42.4717,4.7687
3,0,ans_first,1.8119,42.9202,5.3267
3,0,cq,1.3780,44.6618,13.4217
3,0,ans_final,1.5556,45.6832,6.5535
3,0,ans_first,1.8232,46.2401,7.2150
3,0,cq,1.7921,50.7670,19.8712
3,0,ans_final,1.3919,51.6594,8.9358
3,0,ans_first,1.9769,51.9983,6.0630
3,0,cq,1.3785,54.7179,17.1948
3,0,ans_final,1.5701,55.5876,8.3021
3,1,ans_first,1.8683,6.3936,6.3936
3,1,cq,2.8919,26.5118,25.6756
3,1,ans_final,1.4749,26.6359,4.7767
3,1,ans_first,1.8271,26.9239,5.4469
3,1,cq,0.3729,27.9601,7.3175
3,1,ans_final,1.2122,28.1995,3.8446
3,1,ans_first,1.6167,28.9298,6.0696
3,1,cq,0.1476,27.9391,7.3843
3,1,ans_final,1.4712,28.6037,6.1181
3,1,ans_first,1.6454,29.6134,6.8763
3,1,cq,1.2254,36.7122,18.1227
3,1,ans_final,1.2113,37.7639,7.4963
3,1,ans_first,2.4833,38.7846,7.4166
3,1,cq,1.7356,44.2842,21.6214
3,1,ans_final,1.5390,45.1098,6.0773
3,1,ans_first,1.7377,45.6549,7.8113
3,1,cq,0.8522,47.9440,15.5847
3,1,ans_final,1.2835,48.7504,6.7019
3,1,ans_first,2.5477,50.0424,9.6810
3,1,cq,2.0571,52.3687,18.7500
3,1,ans_final,1.4173,53.1141,5.4342
3,1,ans_first,1.6001,53.5755,6.4293
3,1,cq,1.5259,54.2661,16.5829
3,1,ans_final,1.4659,54.6629,4.7187
3,2,ans_first,1.5398,8.0225,8.0225
3,2,cq,0.2107,12.4537,9.3778
3,2,ans_final,1.3496,13.0707,4.8076
3,2,ans_first,1.8846,14.2185,6.4607
3,2,cq,1.2651,21.8968,15.7555
3,2,ans_final,1.5612,22.6827,6.2020
3,2,ans_first,1.7223,23.4315,6.1497
3,2,cq,1.2456,27.0525,13.7760
3,2,ans_final,1.2813,27.5926,5.0682
3,2,ans_first,1.7293,28.3176,6.7989
3,2,cq,1.3836,32.3329,15.2084
3,2,ans_final,1.4462,33.2913,6.0100
3,2,ans_first,2.0265,35.7892,13.1901
3,2,cq,1.1569,40.1593,19.6394
3,2,ans_final,1.2124,40.6980,5.9996
3,2,ans_first,1.3629,40.8199,4.7124
3,2,cq,2.0451,51.8401,30.9283
3,2,ans_final,1.3447,52.9671,6.1028
3,2,ans_first,1.9164,52.8234,5.4377
3,2,cq,1.3181,56.1869,18.4074
3,2,ans_final,1.6298,57.4874,7.1969
3,2,ans_first,2.1082,57.1534,9.6064
3,2,cq,0.3993,59.0018,15.8177
3,2,ans_final,1.5084,60.3353,6.6895
3,3,ans_first,1.6556,6.8614,6.8614
3,3,cq,2.3045,23.0504,21.9259
3,3,ans_final,1.5316,23.3818,4.5519
3,3,ans_first,2.0464,24.6714,6.3741
3,3,cq,1.5725,31.5947,19.7439
3,3,ans_final,1.2261,32.4946,6.6459
3,3,ans_first,1.9921,32.9001,6.0832
3,3,cq,1.6972,41.0263,20.7740
3,3,ans_final,1.6793,41.4006,5.3813
3,3,ans_first,2.3895,42.1553,7.3767
3,3,cq,2.1582,49.0950,18.9009
3,3,ans_final,1.5354,49.3614,6.7053
3,3,ans_first,2.1859,50.1006,7.4955
3,3,cq,1.5478,54.2825,17.6555
3,3,ans_final,1.3656,54.6152,4.5154
3,3,ans_first,1.8066,55.5605,9.9964
3,3,cq,1.4141,56.5540,17.1749
3,3,ans_final,1.5517,57.1311,5.4872
3,3,ans_first,2.4027,57.9262,6.1117
3,3,cq,2.5977,61.4102,15.7375
3,3,ans_final,1.4849,61.8168,6.4587
3,3,ans_first,2.0549,62.9587,8.0017
3,3,cq,2.0021,67.9093,19.8729
3,3,ans_final,1.2086,68.1401,5.4040
3,4,ans_first,1.2075,7.5877,7.5877
3,4,cq,1.3308,21.9118,20.3856
3,4,ans_final,1.2509,23.2937,7.9744
3,4,ans_first,2.1602,25.3897,9.2409
3,4,cq,1.7644,30.8451,17.7135
3,4,ans_final,1.6398,31.2448,5.3987
3,4,ans_first,1.6514,54.1717,41.7431
3,4,cq,1.8367,59.5985,27.6399
3,4,ans_final,1.1790,60.4409,7.2102
3,4,ans_first,1.9425,60.2734,4.1114
3,4,cq,0.9802,61.0725,13.8807
3,4,ans_final,1.5452,61.5422,5.6693
3,4,ans_first,1.7893,61.4378,6.2906
3,4,cq,1.8828,63.7802,16.1072
3,4,ans_final,1.4136,64.2670,5.8942
3,4,ans_first,1.8590,64.4200,4.8804
3,4,cq,1.6631,67.7721,20.8301
3,4,ans_final,1.5772,68.4848,5.4210
3,4,ans_first,1.1858,68.4702,7.8860
3,4,cq,1.9738,77.8707,33.4552
3,4,ans_final,1.2768,78.2409,5.0718
3,4,ans_first,1.8632,78.5610,7.9190
3,4,cq,1.5772,87.6698,28.1251
3,4,ans_final,1.5263,88.5642,7.8975
3,5,ans_first,1.8085,7.8081,7.8081
3,5,cq,1.0445,22.6454,21.5597
3,5,ans_final,1.4758,23.1521,5.4635
3,5,ans_first,1.4959,24.1384,6.9339
3,5,cq,1.4068,28.3210,17.0773
3,5,ans_final,1.4299,28.9233,7.3201
3,5,ans_first,1.6930,29.4121,5.5236
3,5,cq,0.5520,30.5344,14.5620
3,5,ans_final,1.2462,30.8855,4.8694
3,5,ans_first,1.2261,31.1039,4.7122
3,5,cq,1.3318,33.7030,13.8877
3,5,ans_final,1.4110,34.3334,6.0041
3,5,ans_first,1.6289,35.2205,9.1061
3,5,cq,0.9260,37.2354,12.9250
3,5,ans_final,1.4385,38.0950,6.9025
3,5,ans_first,2.3995,38.4257,7.0722
3,5,cq,2.3426,49.3059,31.3346
3,5,ans_final,1.6381,50.0055,6.7645
3,5,ans_first,1.7104,49.9512,5.9967
3,5,cq,0.8599,50.7211,12.0317
3,5,ans_final,1.2931,51.0468,3.9972
3,5,ans_first,1.1517,51.3455,6.3938
3,5,cq,0.1815,51.7715,8.1288
3,5,ans_final,1.3651,52.7351,6.4959
3,6,ans_first,2.1497,6.1885,6.1885
3,6,cq,2.0308,16.0946,14.9195
3,6,ans_final,1.5011,16.4606,5.1578
3,6,ans_first,1.7414,18.2865,8.1880
3,6,cq,0.5645,24.8468,16.5081
3,6,ans_final,1.6832,25.2557,6.8647
3,6,ans_first,2.0694,26.1128,6.4591
3,6,cq,1.0458,29.9451,14.9175
3,6,ans_final,1.5723,30.7023,6.9900
3,6,ans_first,1.9011,31.8188,7.9843
3,6,cq,1.1846,38.2144,19.8779
3,6,ans_final,1.3541,38.8895,7.2611
3,6,ans_first,1.6482,39.3229,6.6324
3,6,cq,1.5092,42.0211,14.7266
3,6,ans_final,1.3338,42.7612,6.6059
3,6,ans_first,1.4967,44.0823,9.1761
3,6,cq,2.1013,51.6265,26.5526
3,6,ans_final,1.3255,52.0229,4.7305
3,6,ans_first,1.5069,52.2170,6.4031
3,6,cq,0.5682,54.2554,16.6965
3,6,ans_final,1.3452,54.9893,6.0847
3,6,ans_first,2.1583,55.3596,8.4365
3,6,cq,1.7750,59.7944,17.7523
3,6,ans_final,1.6366,60.3882,8.1083
3,7,ans_first,1.6522,4.4909,4.4909
3,7,cq,1.7812,17.3345,16.6445
3,7,ans_final,1.2501,18.3644,6.3466
3,7,ans_first,2.5573,20.0045,8.3708
3,7,cq,2.1578,28.7881,20.3980
3,7,ans_final,1.5577,29.2881,6.4940
3,7,ans_first,1.9321,29.7876,7.3814
3,7,cq,1.9297,35.5017,17.2813
3,7,ans_final,1.4132,35.8624,4.3896
3,7,ans_first,1.6584,36.4179,6.6501
3,7,cq,0.7051,38.7769,13.7009
3,7,ans_final,1.1882,38.9455,5.0140
3,7,ans_first,2.0081,39.5349,7.5716
3,7,cq,1.1984,42.0798,15.3587
3,7,ans_final,1.0737,42.3599,5.3538
3,7,ans_first,2.0448,43.1305,6.2085
3,7,cq,1.5746,46.6630,14.1206
3,7,ans_final,1.3604,46.5855,4.7672
3,7,ans_first,1.5472,47.2474,7.3046
3,7,cq,1.4892,52.3371,17.1175
3,7,ans_final,1.6572,52.6771,7.9995
3,7,ans_first,1.3328,53.0303,6.0823
3,7,cq,0.6267,54.5257,9.5228
3,7,ans_final,1.2985,54.7890,5.0830
3,8,ans_first,1.5453,6.2747,6.2747
3,8,cq,1.3100,18.9478,17.3408
3,8,ans_final,1.3072,19.5209,5.3501
3,8,ans_first,1.5820,20.4764,5.8188
3,8,cq,0.1400,20.4246,5.2548
3,8,ans_final,1.2742,20.8865,4.3944
3,8,ans_first,2.4487,21.8031,6.7596
3,8,cq,1.9802,38.3530,30.2318
3,8,ans_final,1.6452,38.7539,5.6143
3,8,ans_first,1.8170,39.4327,6.9553
3,8,cq,1.1748,43.6014,24.6177
3,8,ans_final,1.2957,43.9844,4.3915
3,8,ans_first,1.1705,44.1257,4.8065
3,8,cq,1.5182,48.2780,16.6562
3,8,ans_final,1.4434,48.6326,4.9601
3,8,ans_first,1.5299,48.9542,6.0005
3,8,cq,0.8710,50.9270,12.1764
3,8,ans_final,1.6686,51.3409,5.0617
3,8,ans_first,1.6767,52.0668,5.9152
3,8,cq,2.3317,58.5467,23.4326
3,8,ans_final,1.5469,58.9056,7.0127
3,8,ans_first,1.3186,59.6287,8.1218
3,8,cq,0.2330,60.7621,9.8015
3,8,ans_final,1.6515,61.1661,7.4442
3,9,ans_first,1.7385,6.8911,6.8911
3,9,cq,2.1962,21.5639,20.1470
3,9,ans_final,1.4084,21.8770,5.4206
3,9,ans_first,2.3415,22.8286,5.9403
3,9,cq,1.2545,30.1532,18.9109
3,9,ans_final,1.5434,30.5238,5.0620
3,9,ans_first,2.1955,31.3972,8.9301
3,9,cq,1.1420,35.0938,18.1112
3,9,ans_final,1.3207,35.5450,6.6538
3,9,ans_first,1.6019,36.3522,6.2189
3,9,cq,1.2572,42.1290,18.1265
3,9,ans_final,1.3981,42.7084,6.8999
3,9,ans_first,1.8510,43.8997,9.6962
3,9,cq,1.2176,48.1768,19.0415
3,9,ans_final,1.5198,49.2845,9.1192
3,9,ans_first,2.5930,50.4145,8.4834
3,9,cq,2.5095,58.2927,23.8317
3,9,ans_final,1.4035,58.4602,4.4153
3,9,ans_first,2.2854,58.9664,7.6582
3,9,cq,2.1364,61.6541,20.7850
3,9,ans_final,1.5850,62.0709,7.5356
3,9,ans_first,1.4354,62.1212,4.4119
3,9,cq,0.9627,62.9916,12.9413
3,9,ans_final,1.6022,63.6517,6.8345
3,10,ans_first,1.4353,5.5133,5.5133
3,10,cq,0.9916,18.7829,18.0352
3,10,ans_final,1.3974,20.3486,7.3326
3,10,ans_first,1.1933,21.5948,6.9500
3,10,cq,0.5802,24.2120,11.5566
3,10,ans_final,1.1639,25.2478,6.3696
3,10,ans_first,1.7511,25.7135,5.4386
3,10,cq,1.5888,32.5072,21.8003
3,10,ans_final,1.3092,32.7575,4.8766
3,10,ans_first,2.5022,33.7389,7.7378
3,10,cq,1.2126,37.4867,15.3645
3,10,ans_final,1.4180,37.7347,6.0273
3,10,ans_first,1.5981,38.0576,6.0106
3,10,cq,1.7037,40.6830,14.2766
3,10,ans_final,1.2424,41.0345,4.7267
3,10,ans_first,1.9531,41.1547,6.4007
3,10,cq,2.7162,45.7595,21.5237
3,10,ans_final,1.3903,45.9301,5.5235
3,10,ans_first,1.9649,46.3699,6.8176
3,10,cq,1.4458,50.0480,18.9273
3,10,ans_final,1.3664,50.4842,5.6906
3,10,ans_first,1.7163,50.6090,6.8021
3,10,cq,1.2227,53.8597,17.7801
3,10,ans_final,1.4108,54.1237,5.4757
3,11,ans_first,1.9136,6.9834,6.9834
3,11,cq,1.6539,21.0077,20.1809
3,11,ans_final,1.5780,22.2416,7.8186
3,11,ans_first,1.7958,22.9840,5.4080
3,11,cq,1.9749,30.4625,21.8076
3,11,ans_final,1.2086,30.9909,5.5984
3,11,ans_first,1.8114,32.2708,8.4467
3,11,cq,0.2582,33.0470,8.9161
3,11,ans_final,1.2241,33.4863,6.0147
3,11,ans_first,1.7910,34.3506,6.6884
3,11,cq,0.7585,36.4654,15.2075
3,11,ans_final,1.3087,37.1201,7.2229
3,11,ans_first,1.5887,37.7912,6.4987
3,11,cq,0.7472,42.0422,15.4214
3,11,ans_final,1.2882,42.2809,4.0560
3,11,ans_first,2.1841,42.8102,7.6485
3,11,cq,1.5403,47.5792,23.7889
3,11,ans_final,1.3560,48.1165,6.2766
3,11,ans_first,1.9662,48.5362,6.3026
3,11,cq,2.1632,59.5900,35.6690
3,11,ans_final,1.4271,59.7932,4.6504
3,11,ans_first,2.1651,60.6151,7.4167
3,11,cq,2.1348,60.7480,22.7075
3,11,ans_final,1.3439,61.1839,5.1327
3,12,ans_first,1.3808,7.8814,7.8814
3,12,cq,1.6306,20.8787,19.2280
3,12,ans_final,1.3265,21.6909,5.4107
3,12,ans_first,2.0810,22.4053,5.8319
3,12,cq,1.5734,27.4714,13.9710
3,12,ans_final,1.5087,28.2507,6.3727
3,12,ans_first,1.9995,29.0964,7.7270
3,12,cq,1.8564,35.3926,21.3153
3,12,ans_final,1.3105,36.1354,5.5963
3,12,ans_first,2.3922,37.2980,9.5373
3,12,cq,1.2780,41.0627,16.4349
3,12,ans_final,1.4437,41.9605,7.5045
3,12,ans_first,1.4900,42.4153,5.5385
3,12,cq,1.8131,45.7539,17.2777
3,12,ans_final,1.4989,46.9697,8.9258
3,12,ans_first,2.2306,47.3921,9.1623
3,12,cq,1.4643,49.5825,14.6277
3,12,ans_final,1.2194,50.1804,6.0088
3,12,ans_first,1.7084,50.7192,6.9478
3,12,cq,2.1653,55.5013,22.6426
3,12,ans_final,1.4660,56.0338,5.9505
3,12,ans_first,2.6648,57.2308,12.7750
3,12,cq,1.1586,63.5297,21.3885
3,12,ans_final,1.4691,64.4847,7.1676
3,13,ans_first,1.6997,7.6257,7.6257
3,13,cq,0.6691,14.1459,11.8183
3,13,ans_final,1.4620,15.0587,5.8600
3,13,ans_first,1.8804,19.3962,11.7196
3,13,cq,1.5303,24.5179,15.8475
3,13,ans_final,1.4706,24.7504,5.2430
3,13,ans_first,1.8567,25.2994,6.5826
3,13,cq,1.3815,31.3010,17.3450
3,13,ans_final,1.3686,32.1324,8.0676
3,13,ans_first,1.2882,32.9322,6.5077
3,13,cq,1.0951,38.2418,16.5607
3,13,ans_final,1.1707,38.4579,5.8702
3,13,ans_first,1.3681,38.9194,6.1835
3,13,cq,1.3143,39.7767,12.7928
3,13,ans_final,1.2525,40.1113,5.5812
3,13,ans_first,1.8372,40.4747,6.5045
3,13,cq,2.1093,47.0460,25.1590
3,13,ans_final,1.8216,47.7127,7.1637
3,13,ans_first,2.5107,48.2432,7.2098
3,13,cq,1.3185,50.2788,15.4228
3,13,ans_final,1.4702,51.1187,6.1655
3,13,ans_first,2.7624,51.2848,8.3943
3,13,cq,2.2111,53.0611,18.2903
3,13,ans_final,1.3836,53.5569,4.4805
3,14,ans_first,1.9620,6.6524,6.6524
3,14,cq,1.1858,21.3423,20.2002
3,14,ans_final,1.4805,21.8511,6.2777
3,14,ans_first,1.4459,22.4987,6.1420
3,14,cq,2.1626,30.6062,22.5610
3,14,ans_final,1.3653,31.0387,5.3733
3,14,ans_first,1.7197,31.7638,7.6706
3,14,cq,0.8559,34.7845,14.9669
3,14,ans_final,1.4225,35.1329,6.2846
3,14,ans_first,1.9621,35.7232,7.0539
3,14,cq,1.5817,41.1170,19.6645
3,14,ans_final,1.3302,41.3934,6.1339
3,14,ans_first,1.3302,42.3659,8.5655
3,14,cq,1.3289,46.5242,20.7371
3,14,ans_final,1.3661,47.2604,7.7296
3,14,ans_first,2.3985,47.9561,7.0800
3,14,cq,0.8233,48.9624,12.0877
3,14,ans_final,1.4789,49.4549,5.5736
3,14,ans_first,1.4971,49.6420,5.6169
3,14,cq,2.1713,56.4297,23.0806
3,14,ans_final,1.4656,56.9247,5.3965
3,14,ans_first,1.8557,57.2568,10.2870
3,14,cq,1.2137,59.6170,24.0977
3,14,ans_final,1.1878,60.0977,4.7935
3,15,ans_first,1.1238,5.0746,5.0746
3,15,cq,0.9931,17.1469,16.4824
3,15,ans_final,1.3491,18.2805,5.5453
3,15,ans_first,2.1197,19.4790,7.3456
3,15,cq,1.7931,25.5496,15.2201
3,15,ans_final,1.6050,25.7681,5.3625
3,15,ans_first,2.1581,27.9983,10.8002
3,15,cq,1.8071,37.7380,23.8816
3,15,ans_final,1.5507,38.1872,5.9324
3,15,ans_first,2.2985,39.6236,10.0268
3,15,cq,1.8090,43.4156,20.6415
3,15,ans_final,1.4561,44.2279,7.4874
3,15,ans_first,1.8646,44.3826,4.5973
3,15,cq,1.9451,48.3302,19.2183
3,15,ans_final,1.4595,48.5327,6.4156
3,15,ans_first,2.5757,49.6274,9.2911
3,15,cq,1.8090,54.2800,20.4328
3,15,ans_final,1.3836,54.9067,7.2554
3,15,ans_first,2.1344,55.3806,8.1220
3,15,cq,1.3568,56.2350,13.9320
3,15,ans_final,1.4826,56.5146,5.5078
3,15,ans_first,1.2865,56.7787,6.2115
3,15,cq,0.3740,59.9133,15.3385
3,15,ans_final,1.2368,60.4341,6.1307
3,16,ans_first,1.9012,8.2570,8.2570
3,16,cq,1.5545,25.1836,23.3282
3,16,ans_final,1.4213,25.4636,5.2295
3,16,ans_first,1.9755,26.3816,6.6757
3,16,cq,1.0760,28.3778,13.2113
3,16,ans_final,1.2996,28.8316,4.4388
3,16,ans_first,1.5116,30.0800,8.5527
3,16,cq,1.3243,43.6491,33.1362
3,16,ans_final,1.0574,44.2791,6.5235
3,16,ans_first,2.3118,44.8951,6.1325
3,16,cq,1.5784,48.2477,16.3990
3,16,ans_final,1.3459,48.6412,5.7223
3,16,ans_first,2.3319,48.8151,6.7574
3,16,cq,1.3623,51.1567,14.7954
3,16,ans_final,1.3953,51.6880,6.7185
3,16,ans_first,2.4384,51.7817,8.3059
3,16,cq,3.0389,58.0498,22.3967
3,16,ans_final,1.5398,58.5905,6.8582
3,16,ans_first,2.4718,58.8289,7.5969
3,16,cq,1.2566,61.0392,15.0033
3,16,ans_final,1.3051,61.5664,6.7168
3,16,ans_first,2.6520,62.3783,8.9141
3,16,cq,1.8073,65.3489,21.3007
3,16,ans_final,1.5089,66.0076,7.8888
3,17,ans_first,2.0729,5.5956,5.5956
3,17,cq,1.7336,19.3744,18.5913
3,17,ans_final,1.6729,20.2875,6.2389
3,17,ans_first,2.3188,22.9802,9.9889
3,17,cq,1.6345,34.1395,22.6858
3,17,ans_final,1.4500,34.6498,7.0556
3,17,ans_first,1.9476,35.6152,7.9946
3,17,cq,2.2850,39.1365,17.4486
3,17,ans_final,1.7375,41.3583,10.2826
3,17,ans_first,2.2079,42.7729,10.2362
3,17,cq,1.4331,46.3792,16.4109
3,17,ans_final,1.5779,46.6010,5.7847
3,17,ans_first,1.4390,47.0159,5.3486
3,17,cq,0.9892,48.4500,15.1945
3,17,ans_final,1.3699,48.8081,4.9495
3,17,ans_first,1.8000,49.9387,9.9902
3,17,cq,0.9904,54.0390,21.6018
3,17,ans_final,1.3163,54.8472,6.9462
3,17,ans_first,1.8617,56.0823,10.0271
3,17,cq,2.7948,66.6236,30.6663
3,17,ans_final,1.5104,67.2145,6.3743
3,17,ans_first,1.4716,67.4506,5.6382
3,17,cq,1.5092,71.2052,18.9216
3,17,ans_final,1.4167,71.3316,5.4855
3,18,ans_first,1.6711,8.1040,8.1040
3,18,cq,1.3244,20.7313,19.1372
3,18,ans_final,1.3581,21.9436,6.7987
3,18,ans_first,1.4525,22.9604,6.3179
3,18,cq,0.7593,27.9050,14.3649
3,18,ans_final,1.2528,28.4447,5.3066
3,18,ans_first,1.4699,29.7918,8.9579
3,18,cq,2.3071,44.0612,29.3284
3,18,ans_final,1.4705,44.5053,4.8957
3,18,ans_first,2.3100,44.9457,6.9763
3,18,cq,1.7316,47.2716,20.8806
3,18,ans_final,1.3222,47.6988,5.3071
3,18,ans_first,1.9250,48.3485,7.2320
3,18,cq,1.2075,50.0314,15.3583
3,18,ans_final,1.3978,50.4271,6.1540
3,18,ans_first,1.7399,51.1907,7.6617
3,18,cq,1.5980,53.8763,13.6364
3,18,ans_final,1.4688,54.0345,4.5995
3,18,ans_first,2.6398,54.3159,7.2205
3,18,cq,2.4745,57.0149,19.0364
3,18,ans_final,1.4917,57.5782,6.0681
3,18,ans_first,2.0092,57.6052,8.7896
3,18,cq,0.9289,63.3159,20.7289
3,18,ans_final,1.5247,63.6623,6.7554
3,19,ans_first,1.9133,6.5822,6.5822
3,19,cq,1.6279,25.3348,24.6141
3,19,ans_final,1.4248,26.0016,7.7407
3,19,ans_first,1.4907,26.6981,5.3125
3,19,cq,1.5594,30.6987,17.7631
3,19,ans_final,1.2595,30.9168,4.8946
3,19,ans_first,1.4615,31.1164,4.7625
3,19,cq,1.3607,34.1437,15.2594
3,19,ans_final,1.4292,34.9398,6.9679
3,19,ans_first,1.4204,35.4922,5.6260
3,19,cq,0.6146,42.5113,21.3900
3,19,ans_final,1.4323,43.1848,6.3034
3,19,ans_first,1.7972,44.6726,9.0642
3,19,cq,1.6085,48.9265,16.6460
3,19,ans_final,1.2400,49.0882,4.4724
3,19,ans_first,2.2356,49.3874,7.7541
3,19,cq,1.3182,53.0774,18.5846
3,19,ans_final,1.3962,53.9972,8.9460
3,19,ans_first,1.4945,55.3452,12.8378
3,19,cq,1.3565,61.6374,16.9266
3,19,ans_final,1.3651,62.3741,7.7998
3,19,ans_first,1.9907,62.5931,7.1757
3,19,cq,1.6385,63.3973,15.9284
3,19,ans_final,1.4796,64.0795,6.2743
3,20,ans_first,1.6271,7.6309,7.6309
3,20,cq,0.2400,14.1007,11.4500
3,20,ans_final,1.1500,14.4746,5.1505
3,20,ans_first,1.8101,16.3547,7.2595
3,20,cq,1.2935,22.8748,15.2575
3,20,ans_final,1.2747,23.3910,6.5336
3,20,ans_first,2.0069,24.9914,8.5978
3,20,cq,0.7990,33.9372,17.9390
3,20,ans_final,1.3278,34.1887,4.5927
3,20,ans_first,1.8333,35.4887,9.4414
3,20,cq,2.3757,41.6539,20.9220
3,20,ans_final,1.3377,42.2631,8.3631
3,20,ans_first,2.2937,42.9984,7.4393
3,20,cq,1.3080,45.0407,15.4625
3,20,ans_final,1.4442,46.0672,8.1455
3,20,ans_first,1.5297,46.5096,6.7296
3,20,cq,1.9365,54.5951,23.9555
3,20,ans_final,1.3575,54.9851,5.0480
3,20,ans_first,1.6092,55.8094,9.4374
3,20,cq,0.7280,58.0050,25.0825
3,20,ans_final,1.3277,58.8173,5.8659
3,20,ans_first,1.3633,59.1602,6.2796
3,20,cq,1.4654,60.7226,16.7110
3,20,ans_final,1.2700,61.2774,4.6105
3,21,ans_first,1.7240,8.2707,8.2707
3,21,cq,2.4272,25.4658,23.5340
3,21,ans_final,1.5015,25.9676,7.6170
3,21,ans_first,2.1261,27.7808,9.8169
3,21,cq,1.1210,36.0660,20.1955
3,21,ans_final,1.3703,36.5673,6.4978
3,21,ans_first,1.8113,37.7491,8.2269
3,21,cq,1.1437,41.7877,17.2027
3,21,ans_final,1.5865,42.5907,6.2639
3,21,ans_first,1.8962,43.0674,6.0944
3,21,cq,1.1553,43.6972,10.3103
3,21,ans_final,1.2254,44.0255,4.1682
3,21,ans_first,2.0642,44.1215,9.3395
3,21,cq,0.9848,47.8458,16.9530
3,21,ans_final,1.4952,48.5394,5.2201
3,21,ans_first,2.0634,49.0261,6.8443
3,21,cq,1.0172,49.8392,17.4566
3,21,ans_final,1.2395,50.2503,4.0505
3,21,ans_first,1.8080,50.3641,6.4408
3,21,cq,1.3383,52.6204,13.6312
3,21,ans_final,1.1781,52.8964,4.0516
3,21,ans_first,1.3831,53.5225,8.2872
3,21,cq,1.1822,59.3625,24.9012
3,21,ans_final,1.4519,60.4934,7.5577
3,22,ans_first,1.4784,5.3399,5.3399
3,22,cq,1.6254,18.6676,18.0369
3,22,ans_final,1.4269,19.3225,5.3279
3,22,ans_first,1.5874,20.2429,6.3749
3,22,cq,1.2037,28.5020,18.5360
3,22,ans_final,1.4764,29.8654,7.8803
3,22,ans_first,1.7710,30.4095,7.1845
3,22,cq,0.2573,32.1083,9.4290
3,22,ans_final,1.2644,32.8954,5.8523
3,22,ans_first,1.6287,33.6412,5.7967
3,22,cq,1.5828,39.8018,18.8297
3,22,ans_final,1.4786,40.3381,4.7056
3,22,ans_first,1.6519,40.6211,7.0958
3,22,cq,0.2148,43.4147,8.9694
3,22,ans_final,1.2199,43.8033,5.4230
3,22,ans_first,2.6968,44.4767,6.8447
3,22,cq,1.2454,48.8137,16.6948
3,22,ans_final,1.6346,49.3812,6.2713
3,22,ans_first,1.6509,49.6502,5.5315
3,22,cq,1.6732,55.7082,20.5826
3,22,ans_final,1.5563,56.6756,9.1753
3,22,ans_first,1.7477,57.3905,6.1528
3,22,cq,0.9013,57.2631,18.7777
3,22,ans_final,1.5090,57.4630,5.7262
3,23,ans_first,1.8454,7.4554,7.4554
3,23,cq,2.0294,18.7613,16.9110
3,23,ans_final,1.4264,19.1147,5.8224
3,23,ans_first,1.6987,20.8858,7.8257
3,23,cq,1.1190,31.7495,22.7689
3,23,ans_final,1.1356,32.1107,4.4601
3,23,ans_first,1.8058,32.4885,6.5963
3,23,cq,1.2531,35.8207,16.5684
3,23,ans_final,1.0905,36.1854,5.5024
3,23,ans_first,1.4797,36.3255,4.0667
3,23,cq,1.0493,39.7349,16.3036
3,23,ans_final,1.3367,40.3443,6.2740
3,23,ans_first,1.9505,41.7267,8.7179
3,23,cq,1.5954,45.3519,21.8681
3,23,ans_final,1.5937,45.7833,5.5694
3,23,ans_first,1.4136,46.4888,7.4070
3,23,cq,0.3505,47.2639,12.8034
3,23,ans_final,1.2215,47.9000,7.5272
3,23,ans_first,1.8256,48.2826,7.5495
3,23,cq,1.2346,48.9804,15.4024
3,23,ans_final,1.2811,49.4803,4.8687
3,23,ans_first,1.9333,49.8845,7.7602
3,23,cq,0.8546,52.1821,17.2919
3,23,ans_final,1.3776,52.3683,5.9147
3,24,ans_first,2.0730,8.6369,8.6369
3,24,cq,1.7948,32.3735,30.7971
3,24,ans_final,1.3439,32.9993,6.3539
3,24,ans_first,1.7732,33.3481,7.2551
3,24,cq,0.8708,33.8817,15.1027
3,24,ans_final,0.9304,34.4587,5.9798
3,24,ans_first,1.8932,34.7763,6.8021
3,24,cq,1.4408,37.0499,15.0615
3,24,ans_final,1.3027,37.1678,5.2046
3,24,ans_first,1.4545,38.1485,9.1152
3,24,cq,1.6930,44.9832,24.9740
3,24,ans_final,1.5105,45.1441,4.7046
3,24,ans_first,1.3338,45.5949,7.9950
3,24,cq,1.6611,50.3160,21.7966
3,24,ans_final,1.4216,51.1035,8.1715
3,24,ans_first,1.6077,51.2404,5.5846
3,24,cq,1.5746,55.5486,17.6042
3,24,ans_final,1.3261,55.8549,6.5185
3,24,ans_first,1.2617,56.4814,7.9574
3,24,cq,0.7980,61.0520,18.3534
3,24,ans_final,1.5345,61.2023,6.0877
3,24,ans_first,1.8147,61.9019,5.7746
3,24,cq,1.8781,63.0366,20.2871
3,24,ans_final,1.6750,63.6177,5.7196
3,25,ans_first,1.7939,6.9007,6.9007
3,25,cq,1.1507,16.3435,14.9371
3,25,ans_final,1.3253,17.3387,5.1412
3,25,ans_first,1.7110,18.5253,7.1778
3,25,cq,0.2088,20.7633,9.2539
3,25,ans_final,1.2877,21.1459,4.3216
3,25,ans_first,1.7083,23.2047,9.0624
3,25,cq,1.3462,28.4834,16.9511
3,25,ans_final,1.6561,29.7215,7.8266
3,25,ans_first,1.3756,30.4950,7.0318
3,25,cq,0.2030,36.6686,12.8575
3,25,ans_final,1.3680,37.3599,8.2913
3,25,ans_first,1.8007,39.7928,12.7879
3,25,cq,1.3001,46.4424,17.2054
3,25,ans_final,1.3565,46.6877,4.8184
3,25,ans_first,1.9867,47.2100,7.2181
3,25,cq,1.4754,50.7680,17.6384
3,25,ans_final,1.4854,51.5931,6.6771
3,25,ans_first,1.6297,52.1267,6.8474
3,25,cq,0.3904,57.0944,16.9902
3,25,ans_final,1.0699,57.4561,4.0493
3,25,ans_first,1.7569,57.4808,6.0842
3,25,cq,0.4925,59.2674,11.2739
3,25,ans_final,1.2751,60.0953,6.1854
3,26,ans_first,2.0802,11.4920,11.4920
3,26,cq,1.8674,25.6926,24.0625
3,26,ans_final,1.2167,26.6754,7.4026
3,26,ans_first,1.6276,28.3764,10.7766
3,26,cq,0.9836,33.5514,15.3158
3,26,ans_final,1.4644,34.6712,7.9573
3,26,ans_first,1.9565,34.9281,5.9518
3,26,cq,1.8953,36.5827,18.6270
3,26,ans_final,1.5037,36.9721,6.6132
3,26,ans_first,1.7440,37.4109,7.4625
3,26,cq,1.7041,42.3811,21.4451
3,26,ans_final,1.3857,43.1616,7.3076
3,26,ans_first,1.6440,43.3052,5.7265
3,26,cq,1.0553,46.5984,16.5421
3,26,ans_final,1.4159,47.0023,5.2252
3,26,ans_first,1.6544,47.5814,9.3188
3,26,cq,0.9991,57.6261,27.0315
3,26,ans_final,1.5270,58.2294,8.6774
3,26,ans_first,1.7697,58.8097,7.3318
3,26,cq,1.4455,65.2168,18.2270
3,26,ans_final,1.2806,65.6236,5.9687
3,26,ans_first,2.1921,66.1028,10.6225
3,26,cq,1.3078,67.0894,19.2903
3,26,ans_final,1.4263,67.8620,7.2323
3,27,ans_first,1.4675,5.8535,5.8535
3,27,cq,0.1351,8.8981,6.5757
3,27,ans_final,1.3006,9.8524,4.3780
3,27,ans_first,1.9245,11.9545,6.7276
3,27,cq,1.3292,26.7002,23.4919
3,27,ans_final,1.4984,27.5866,5.9306
3,27,ans_first,1.5852,28.3410,6.0338
3,27,cq,2.2674,36.3786,23.1511
3,27,ans_final,1.5758,36.8100,6.1946
3,27,ans_first,1.8212,37.2610,7.0979
3,27,cq,2.5357,43.5463,21.4489
3,27,ans_final,1.4710,44.1503,6.8115
3,27,ans_first,2.2962,44.7249,6.6742
3,27,cq,1.1122,49.7474,19.8483
3,27,ans_final,1.4897,50.4487,6.1899
3,27,ans_first,1.6298,51.1198,7.9327
3,27,cq,0.8757,57.0544,19.2176
3,27,ans_final,1.2959,57.1888,5.0241
3,27,ans_first,1.5906,57.7415,6.9390
3,27,cq,0.5168,56.2620,14.7496
3,27,ans_final,1.2511,56.9114,7.4583
3,27,ans_first,1.8745,56.9893,6.0541
3,27,cq,1.4391,64.4043,22.3113
3,27,ans_final,1.2917,65.0802,5.9604
3,28,ans_first,1.9968,6.0704,6.0704
3,28,cq,1.9075,21.3779,20.2353
3,28,ans_final,1.6912,22.0352,5.3385
3,28,ans_first,1.8884,23.8961,7.4572
3,28,cq,0.6896,28.5353,13.5134
3,28,ans_final,1.2332,29.4637,6.2593
3,28,ans_first,1.2576,30.0046,5.8476
3,28,cq,1.2844,37.8324,21.0695
3,28,ans_final,1.3589,38.7577,8.5737
3,28,ans_first,1.6457,38.8792,8.8368
3,28,cq,0.8627,47.5046,17.1567
3,28,ans_final,1.3372,48.4078,7.3105
3,28,ans_first,2.1047,48.7236,6.6055
3,28,cq,1.1758,51.9297,18.6762
3,28,ans_final,1.2221,52.1408,4.7283
3,28,ans_first,1.5587,52.5325,6.0899
3,28,cq,1.0990,51.4140,14.2849
3,28,ans_final,1.1925,51.7710,4.7721
3,28,ans_first,1.8899,52.1078,6.7025
3,28,cq,1.5137,61.8638,23.0274
3,28,ans_final,1.5458,62.4026,5.2134
3,28,ans_first,1.5793,62.8575,6.0113
3,28,cq,0.9895,65.4173,12.5076
3,28,ans_final,1.6652,66.4513,7.4335
3,29,ans_first,2.2303,8.8014,8.8014
3,29,cq,1.4050,24.2464,22.2850
3,29,ans_final,1.4163,24.2930,5.2364
3,29,ans_first,1.8504,25.7066,9.9476
3,29,cq,1.4059,42.1184,29.1875
3,29,ans_final,1.4575,42.7184,6.5838
3,29,ans_first,1.6028,43.3248,8.3450
3,29,cq,1.8168,51.3305,27.7577
3,29,ans_final,1.2350,52.5904,8.6286
3,29,ans_first,1.6457,52.8952,5.5228
3,29,cq,1.9981,58.4626,20.6042
3,29,ans_final,1.4254,58.3358,4.2793
3,29,ans_first,1.8890,58.9041,9.4888
3,29,cq,1.2595,67.8754,18.0358
3,29,ans_final,1.5364,68.3723,6.5029
3,29,ans_first,1.3696,68.6201,5.0130
3,29,cq,1.3714,66.1850,17.6408
3,29,ans_final,1.4362,67.2548,7.2465
3,29,ans_first,2.1370,67.3649,8.8840
3,29,cq,1.5240,74.6240,16.9464
3,29,ans_final,1.3153,75.1335,7.5689
3,29,ans_first,1.2931,75.1169,5.5429
3,29,cq,1.4407,76.3929,14.5633
3,29,ans_final,1.4038,76.8615,4.6407
3,30,ans_first,1.4709,9.3969,9.3969
3,30,cq,1.2636,22.1986,20.3284
3,30,ans_final,1.4480,23.2139,8.4732
3,30,ans_first,0.9884,24.3807,6.8440
3,30,cq,0.5361,33.5336,22.0213
3,30,ans_final,1.2072,34.9782,8.3717
3,30,ans_first,2.0178,35.4498,7.4889
3,30,cq,0.8492,36.9144,15.4632
3,30,ans_final,1.2735,37.5833,4.4616
3,30,ans_first,2.1660,37.7285,4.8749
3,30,cq,2.3057,41.5027,20.5482
3,30,ans_final,1.2311,42.0349,4.3152
3,30,ans_first,2.1757,43.1496,8.9594
3,30,cq,2.9738,47.4764,22.1250
3,30,ans_final,1.2773,47.9071,7.5582
3,30,ans_first,1.3094,48.8617,7.7728
3,30,cq,1.1739,50.2822,18.6754
3,30,ans_final,1.2563,50.8799,7.3160
3,30,ans_first,1.7338,51.1580,6.6505
3,30,cq,2.8604,62.9525,36.4757
3,30,ans_final,1.3737,63.2904,6.6495
3,30,ans_first,1.3884,63.7498,7.2771
3,30,cq,1.9258,65.6918,19.2742
3,30,ans_final,1.3504,66.1024,6.8596
3,31,ans_first,2.2968,7.4753,7.4753
3,31,cq,2.6845,24.4576,23.0205
3,31,ans_final,1.7800,26.0702,10.2563
3,31,ans_first,1.4227,26.9536,5.5634
3,31,cq,1.1830,34.8263,22.3558
3,31,ans_final,1.3661,35.2212,4.5972
3,31,ans_first,1.8587,35.5425,5.0288
3,31,cq,1.5833,44.4025,21.9887
3,31,ans_final,1.4827,45.0094,6.5808
3,31,ans_first,1.6801,45.2443,6.5878
3,31,cq,1.3844,51.4418,23.7357
3,31,ans_final,1.3884,52.2523,6.8579
3,31,ans_first,2.0915,52.5382,5.8718
3,31,cq,1.6793,52.9633,17.4453
3,31,ans_final,1.4647,53.3726,4.7767
3,31,ans_first,2.0799,53.6382,6.7464
3,31,cq,1.8957,56.2727,17.6057
3,31,ans_final,1.3462,56.8133,4.8552
3,31,ans_first,1.7353,57.0405,6.2347
3,31,cq,2.4011,62.2717,23.5023
3,31,ans_final,1.4433,62.8305,6.2202
3,31,ans_first,1.6850,62.9719,6.1850
3,31,cq,0.2851,64.8837,15.2582
3,31,ans_final,1.3385,65.3443,4.9361
3,32,ans_first,1.3721,6.3597,6.3597
3,32,cq,1.4442,20.6279,19.4765
3,32,ans_final,1.3585,22.1012,7.8742
3,32,ans_first,1.8523,23.3743,7.5577
3,32,cq,1.6125,28.3638,17.3319
3,32,ans_final,1.2919,28.6365,6.1753
3,32,ans_first,2.2513,29.5425,8.1265
3,32,cq,1.1709,36.8828,19.4212
3,32,ans_final,1.2872,36.9547,4.2765
3,32,ans_first,1.9774,37.7202,6.7605
3,32,cq,1.9450,41.4477,22.5125
3,32,ans_final,1.2306,41.6419,5.1175
3,32,ans_first,2.2392,42.5080,7.9813
3,32,cq,1.3464,43.9543,14.4526
3,32,ans_final,1.3646,44.2680,6.4789
3,32,ans_first,1.8854,44.7939,7.2038
3,32,cq,1.9027,48.5090,17.3775
3,32,ans_final,1.2434,48.6956,4.9457
3,32,ans_first,1.6112,49.0184,5.3758
3,32,cq,1.0784,50.3032,9.2753
3,32,ans_final,1.2001,50.4486,4.1880
3,32,ans_first,1.4685,50.9248,8.3143
3,32,cq,0.2023,51.6901,9.6480
3,32,ans_final,1.1308,51.9083,4.4215
3,33,ans_first,1.6195,4.9151,4.9151
3,33,cq,1.3065,16.1772,15.2919
3,33,ans_final,1.5238,16.8688,6.3851
3,33,ans_first,1.7671,18.6711,7.3217
3,33,cq,1.4254,28.7709,18.1460
3,33,ans_final,1.1808,28.9221,4.1899
3,33,ans_first,1.9286,30.7128,11.2476
3,33,cq,1.8008,39.5199,28.2304
3,33,ans_final,1.3253,40.0222,6.1597
3,33,ans_first,1.4236,40.7438,7.7262
3,33,cq,1.9946,55.9688,34.5376
3,33,ans_final,1.3555,56.1715,4.8751
3,33,ans_first,1.9260,56.2780,6.5567
3,33,cq,1.3299,55.9931,13.9953
3,33,ans_final,1.2694,56.8070,6.5500
3,33,ans_first,1.8141,57.4967,8.3785
3,33,cq,1.4172,61.9436,19.9821
3,33,ans_final,1.6151,62.4678,6.8913
3,33,ans_first,1.6666,62.5642,6.1795
3,33,cq,1.0799,70.5219,24.3280
3,33,ans_final,1.3912,71.0430,6.8193
3,33,ans_first,2.0660,72.1547,9.2141
3,33,cq,1.5601,75.3892,15.1425
3,33,ans_final,1.3146,76.3815,7.1791
3,34,ans_first,1.5284,6.9228,6.9228
3,34,cq,0.9830,25.4904,24.5583
3,34,ans_final,1.5484,26.1641,7.2592
3,34,ans_first,1.2752,26.9135,5.6329
3,34,cq,1.1389,32.5026,21.0697
3,34,ans_final,1.1304,32.8727,4.9594
3,34,ans_first,1.9524,33.4530,7.2120
3,34,cq,2.9786,42.3054,25.1282
3,34,ans_final,1.4633,42.7677,5.0465
3,34,ans_first,1.2935,43.5769,8.2680
3,34,cq,1.2575,48.1742,25.6021
3,34,ans_final,1.2481,48.4508,5.0816
3,34,ans_first,1.4265,48.9463,7.3184
3,34,cq,2.1369,56.3758,22.0074
3,34,ans_final,1.9049,56.7752,7.5430
3,34,ans_first,1.5507,57.2364,8.4972
3,34,cq,2.8292,63.2188,26.4252
3,34,ans_final,1.4583,63.4153,5.3201
3,34,ans_first,1.6333,63.4845,6.3732
3,34,cq,0.3895,63.9308,19.4259
3,34,ans_final,1.1840,64.0060,4.2284
3,34,ans_first,2.0039,64.3819,6.7071
3,34,cq,0.9665,66.1196,16.5392
3,34,ans_final,1.3477,66.3040,4.6856
3,35,ans_first,2.0608,7.1981,7.1981
3,35,cq,0.9979,14.7543,12.6345
3,35,ans_final,1.1867,16.1362,6.7223
3,35,ans_first,1.6182,18.0890,7.4160
3,35,cq,1.1079,24.3369,14.7875
3,35,ans_final,1.1381,24.6754,4.2011
3,35,ans_first,1.9894,26.7805,11.6410
3,35,cq,1.2321,35.1882,23.3689
3,35,ans_final,1.3731,36.1648,6.5475
3,35,ans_first,1.9752,36.7489,6.2657
3,35,cq,1.5534,40.9875,16.6234
3,35,ans_final,1.1962,41.2962,5.6737
3,35,ans_first,1.6506,41.7770,6.1959
3,35,cq,0.4638,43.2583,9.8108
3,35,ans_final,1.2563,43.4450,4.3238
3,35,ans_first,1.6598,43.6989,5.6748
3,35,cq,1.6852,46.0317,16.6465
3,35,ans_final,1.2822,46.5550,5.7475
3,35,ans_first,1.7666,46.7823,6.2885
3,35,cq,2.3340,56.6991,30.3761
3,35,ans_final,1.5989,57.6064,7.6915
3,35,ans_first,2.3645,60.1046,15.4694
3,35,cq,3.5757,69.5856,33.5463
3,35,ans_final,1.6577,70.3357,8.5874
3,36,ans_first,1.6614,4.6876,4.6876
3,36,cq,1.4520,23.0176,22.2246
3,36,ans_final,1.2677,23.5600,5.1304
3,36,ans_first,1.8171,24.3504,6.0205
3,36,cq,1.8832,30.9401,18.8968
3,36,ans_final,1.6288,31.7003,7.5889
3,36,ans_first,1.7983,32.4756,7.6021
3,36,cq,0.8719,37.5317,17.3981
3,36,ans_final,1.4965,38.3125,6.9671
3,36,ans_first,1.5030,39.3113,7.8582
3,36,cq,0.5017,41.5831,12.2904
3,36,ans_final,1.0705,42.0442,4.3245
3,36,ans_first,2.2126,43.0303,9.0196
3,36,cq,0.6359,47.2529,16.0834
3,36,ans_final,1.4867,47.9292,6.3019
3,36,ans_first,2.3440,48.9625,8.5484
3,36,cq,1.3251,49.5337,16.1782
3,36,ans_final,1.3439,49.9762,4.9044
3,36,ans_first,2.0158,50.8128,8.9722
3,36,cq,1.2625,53.1116,27.5500
3,36,ans_final,1.2253,53.5025,4.2575
3,36,ans_first,1.5762,53.7429,5.6994
3,36,cq,0.7363,55.4307,16.1474
3,36,ans_final,1.3676,56.0305,7.7079
3,37,ans_first,1.9628,9.2610,9.2610
3,37,cq,2.5461,25.8764,24.6562
3,37,ans_final,1.4860,26.5112,7.4359
3,37,ans_first,2.1062,28.1585,9.2511
3,37,cq,1.9906,34.0926,19.6840
3,37,ans_final,1.3391,34.4658,5.8871
3,37,ans_first,1.9077,34.7043,6.1162
3,37,cq,0.6409,36.3125,10.2517
3,37,ans_final,1.4015,36.7027,4.9288
3,37,ans_first,1.6348,37.2391,5.9015
3,37,cq,1.3029,40.0512,15.1130
3,37,ans_final,1.5833,40.4978,7.5262
3,37,ans_first,1.7177,41.1265,6.5639
3,37,cq,1.3178,44.2931,16.1612
3,37,ans_final,1.3962,44.6168,4.2588
3,37,ans_first,1.6619,45.0814,7.6018
3,37,cq,1.9996,53.3763,22.8757
3,37,ans_final,1.3653,53.5371,5.9282
3,37,ans_first,1.8668,53.7886,6.0807
3,37,cq,0.9008,54.2984,16.5160
3,37,ans_final,1.2267,54.5062,6.2316
3,37,ans_first,2.2508,55.0660,6.8016
3,37,cq,1.1016,58.9086,19.2206
3,37,ans_final,1.2076,59.0418,5.5916
3,38,ans_first,1.8998,6.2984,6.2984
3,38,cq,1.0641,18.1422,17.2632
3,38,ans_final,1.2341,19.1013,5.4750
3,38,ans_first,1.3730,20.6872,8.2237
3,38,cq,0.6501,29.2825,17.7759
3,38,ans_final,1.2221,30.1040,5.7977
3,38,ans_first,2.1482,30.5713,6.0072
3,38,cq,2.0556,35.9243,17.9576
3,38,ans_final,1.1457,36.7073,6.3622
3,38,ans_first,1.7463,37.4050,9.4592
3,38,cq,1.2259,45.1272,21.4059
3,38,ans_final,1.2129,45.9363,6.2476
3,38,ans_first,2.0975,47.1665,9.2108
3,38,cq,1.4738,49.1003,20.2021
3,38,ans_final,1.0306,49.2624,5.1711
3,38,ans_first,1.6333,50.5991,9.3132
3,38,cq,0.4448,52.5738,12.5595
3,38,ans_final,1.1184,52.9819,5.1742
3,38,ans_first,1.8857,53.5009,6.7908
3,38,cq,0.9334,54.0525,13.0957
3,38,ans_final,1.3257,54.8763,7.4798
3,38,ans_first,2.1016,55.3478,6.5088
3,38,cq,0.9483,58.2096,18.4223
3,38,ans_final,1.2255,58.6470,4.7632
3,39,ans_first,2.3074,7.0999,7.0999
3,39,cq,1.7375,17.5790,15.8892
3,39,ans_final,1.2324,18.3476,5.7925
3,39,ans_first,2.2474,19.4821,6.3350
3,39,cq,0.8996,25.7555,15.4268
3,39,ans_final,1.2642,26.5412,6.0134
3,39,ans_first,1.2705,27.1058,5.1009
3,39,cq,1.4996,35.6148,18.9923
3,39,ans_final,1.5449,36.3751,7.2996
3,39,ans_first,3.0075,36.9453,8.9815
3,39,cq,1.9279,41.8119,18.0625
3,39,ans_final,1.3647,41.8410,5.6691
3,39,ans_first,1.4586,42.4629,6.6490
3,39,cq,1.3351,52.3582,26.9575
3,39,ans_final,1.1416,52.3245,5.1562
3,39,ans_first,2.3065,52.6013,7.8917
3,39,cq,1.1280,50.9126,19.6155
3,39,ans_final,1.1318,51.2027,6.0270
3,39,ans_first,1.5076,51.6166,5.7004
3,39,cq,0.5931,51.9421,12.2431
3,39,ans_final,1.4449,52.1612,4.5716
3,39,ans_first,1.6291,52.6732,6.9608
3,39,cq,1.8096,58.3380,20.5351
3,39,ans_final,1.5538,58.6634,8.2502
3,40,ans_first,1.7242,6.6801,6.6801
3,40,cq,1.2768,21.8265,21.3609
3,40,ans_final,1.2784,22.0911,4.8622
3,40,ans_first,1.8916,22.9479,6.0204
3,40,cq,2.7164,31.4642,22.2482
3,40,ans_final,1.1770,31.8574,4.9384
3,40,ans_first,1.9041,32.5521,5.6322
3,40,cq,1.8424,43.3783,23.5656
3,40,ans_final,1.5270,43.7402,5.4686
3,40,ans_first,1.6134,45.3731,11.2144
3,40,cq,0.9889,46.9328,24.5341
3,40,ans_final,1.1247,48.2534,9.2397
3,40,ans_first,1.9016,48.7497,7.4823
3,40,cq,1.5263,50.2789,17.8498
3,40,ans_final,1.3859,50.9983,5.7044
3,40,ans_first,1.5494,51.5458,7.1889
3,40,cq,0.8015,54.4059,18.7945
3,40,ans_final,1.4156,54.8851,5.5093
3,40,ans_first,1.4730,55.2632,6.1287
3,40,cq,0.9594,58.5432,13.4020
3,40,ans_final,1.3988,59.1473,6.3224
3,40,ans_first,1.8089,59.8091,6.5056
3,40,cq,1.1827,65.2539,19.1598
3,40,ans_final,1.2425,66.2646,7.2896
3,41,ans_first,2.1109,11.8089,11.8089
3,41,cq,2.2577,28.1966,26.2343
3,41,ans_final,1.3292,28.5412,4.3539
3,41,ans_first,1.4314,28.7779,5.0753
3,41,cq,1.1842,33.3696,15.6385
3,41,ans_final,1.5032,33.8128,7.5959
3,41,ans_first,1.8938,34.5821,6.4587
3,41,cq,3.2057,41.4627,24.4701
3,41,ans_final,1.4023,41.5843,4.6744
3,41,ans_first,1.5281,41.8171,4.8732
3,41,cq,1.1386,43.1603,16.1127
3,41,ans_final,1.3501,43.8274,7.6256
3,41,ans_first,2.2991,44.8706,9.0999
3,41,cq,1.4967,52.9939,30.7150
3,41,ans_final,1.5320,53.7035,6.6532
3,41,ans_first,2.1683,54.8067,9.3323
3,41,cq,1.6227,63.8405,21.7872
3,41,ans_final,1.3799,64.3947,6.2736
3,41,ans_first,1.9613,64.9310,7.4518
3,41,cq,1.0750,62.2727,16.3901
3,41,ans_final,1.3141,62.5554,5.1413
3,41,ans_first,1.6802,62.5992,6.0855
3,41,cq,1.5941,66.1915,16.2530
3,41,ans_final,1.3928,66.3832,5.8507
3,42,ans_first,2.0096,6.7050,6.7050
3,42,cq,0.8810,16.9213,15.8383
3,42,ans_final,1.3895,17.4025,4.4928
3,42,ans_first,2.2011,18.6073,6.7246
3,42,cq,1.0548,26.7096,15.3629
3,42,ans_final,1.4146,27.2533,5.3721
3,42,ans_first,1.5301,27.9638,6.8266
3,42,cq,1.4540,32.0153,14.0148
3,42,ans_final,1.1587,32.8286,6.9024
3,42,ans_first,1.3624,33.6026,6.1595
3,42,cq,2.8683,37.1965,20.4455
3,42,ans_final,1.0520,37.7466,6.3367
3,42,ans_first,2.0079,38.9305,10.6484
3,42,cq,2.9861,43.5462,23.5287
3,42,ans_final,1.4981,43.9467,6.9451
3,42,ans_first,1.2307,44.5405,6.7497
3,42,cq,0.8190,45.5709,13.9782
3,42,ans_final,1.2471,46.1017,7.8747
3,42,ans_first,1.3911,46.7502,7.4217
3,42,cq,1.7356,52.1731,21.9591
3,42,ans_final,0.9725,52.4116,4.1722
3,42,ans_first,1.7978,52.9771,8.9138
3,42,cq,1.0158,54.7297,21.5856
3,42,ans_final,1.6202,55.5000,7.9474
3,43,ans_first,1.9940,7.6615,7.6615
3,43,cq,0.8250,14.0655,12.4377
3,43,ans_final,1.5170,15.1271,6.4042
3,43,ans_first,1.6929,16.9906,7.6082
3,43,cq,1.4796,25.0349,19.9359
3,43,ans_final,1.3371,26.1832,8.1085
3,43,ans_first,2.6932,27.6773,8.7934
3,43,cq,1.9461,37.5813,22.6973
3,43,ans_final,1.4309,38.1642,7.6445
3,43,ans_first,1.8564,38.7916,6.9396
3,43,cq,1.3714,42.5514,21.9013
3,43,ans_final,1.3699,42.9081,5.3973
3,43,ans_first,1.8819,43.2638,4.7305
3,43,cq,1.0470,45.5057,10.6002
3,43,ans_final,1.2687,45.8018,5.6254
3,43,ans_first,1.9618,45.9684,5.4821
3,43,cq,1.6799,48.5391,16.7036
3,43,ans_final,1.5240,49.0184,6.1804
3,43,ans_first,2.0912,49.9285,8.0839
3,43,cq,0.9677,54.6852,19.0099
3,43,ans_final,1.5066,55.2008,7.9422
3,43,ans_first,1.2046,55.6431,7.2534
3,43,cq,1.7544,59.1266,19.7392
3,43,ans_final,1.3282,59.3661,5.6368
3,44,ans_first,2.2970,7.4153,7.4153
3,44,cq,0.9186,17.3239,15.5281
3,44,ans_final,1.3885,17.6514,4.0053
3,44,ans_first,2.1343,19.5250,9.1412
3,44,cq,2.0932,27.6445,19.7075
3,44,ans_final,1.3652,27.7738,4.5968
3,44,ans_first,1.8744,28.4938,6.4574
3,44,cq,1.1280,31.5050,11.7206
3,44,ans_final,1.3869,32.2372,6.1884
3,44,ans_first,1.2823,32.5760,4.5835
3,44,cq,0.4716,36.1244,11.9955
3,44,ans_final,1.5201,37.0497,6.2859
3,44,ans_first,1.9583,37.6848,6.8241
3,44,cq,0.9852,38.8584,13.7319
3,44,ans_final,1.4507,39.9010,7.1433
3,44,ans_first,2.3267,41.1716,9.4116
3,44,cq,1.9294,46.1952,19.1867
3,44,ans_final,1.2545,46.4403,4.0010
3,44,ans_first,1.4969,46.8774,6.9583
3,44,cq,1.2550,50.2076,14.1331
3,44,ans_final,1.4627,50.9365,7.1362
3,44,ans_first,2.2053,51.0935,7.2544
3,44,cq,2.4229,56.4278,32.5576
3,44,ans_final,1.4509,57.0021,6.1913
3,45,ans_first,1.8285,6.6524,6.6524
3,45,cq,1.6602,23.1736,21.7853
3,45,ans_final,1.4185,23.5746,4.7428
3,45,ans_first,1.9012,24.5459,7.4514
3,45,cq,0.5906,28.9471,14.7537
3,45,ans_final,1.3400,29.4256,4.7745
3,45,ans_first,1.5072,30.4688,8.3626
3,45,cq,0.9396,37.1395,17.4420
3,45,ans_final,1.1774,37.5672,6.2861
3,45,ans_first,1.3423,37.8390,4.0095
3,45,cq,0.8379,42.4192,21.4570
3,45,ans_final,1.5792,42.9442,6.1477
3,45,ans_first,2.0001,43.3537,6.1495
3,45,cq,0.3961,44.4397,17.3228
3,45,ans_final,1.2634,44.7326,3.8402
3,45,ans_first,2.0993,45.6328,10.1807
3,45,cq,1.6977,55.2958,26.4052
3,45,ans_final,1.4577,56.6604,9.2606
3,45,ans_first,1.8084,57.2250,6.1418
3,45,cq,1.7858,59.0971,16.7867
3,45,ans_final,1.3030,59.3826,4.9462
3,45,ans_first,1.9216,59.6827,9.4108
3,45,cq,0.2857,60.8865,13.4189
3,45,ans_final,1.2774,61.4659,7.8651
3,46,ans_first,1.8813,5.5597,5.5597
3,46,cq,1.6058,18.9203,18.1478
3,46,ans_final,1.3707,19.2655,4.3114
3,46,ans_first,2.2412,20.4092,6.7558
3,46,cq,1.4395,24.7754,13.9768
3,46,ans_final,1.4265,25.0230,4.4249
3,46,ans_first,1.9303,26.3376,7.1868
3,46,cq,1.0774,30.8312,14.8877
3,46,ans_final,1.3247,31.3323,5.8647
3,46,ans_first,1.6612,32.1700,6.1680
3,46,cq,0.7955,36.0633,14.0484
3,46,ans_final,1.4374,36.5843,5.6148
3,46,ans_first,2.6172,37.5525,6.4432
3,46,cq,1.3006,43.6776,20.6844
3,46,ans_final,1.2221,44.0383,4.4402
3,46,ans_first,1.8295,44.6171,7.9173
3,46,cq,1.4510,48.7957,15.9761
3,46,ans_final,1.4451,49.4935,7.0905
3,46,ans_first,1.8175,49.6360,5.2686
3,46,cq,0.9020,52.7646,14.6994
3,46,ans_final,1.1027,53.2518,5.7698
3,46,ans_first,1.8328,54.3486,9.5780
3,46,cq,1.6119,58.0178,18.8277
3,46,ans_final,1.3572,58.2867,5.7818
3,47,ans_first,1.5242,5.5662,5.5662
3,47,cq,1.2586,18.2528,17.3160
3,47,ans_final,1.4773,19.2794,6.6781
3,47,ans_first,1.8560,20.7213,7.3741
3,47,cq,0.7527,26.7813,17.7010
3,47,ans_final,1.4562,27.7744,7.1098
3,47,ans_first,2.0026,29.0764,8.8203
3,47,cq,1.6272,33.2748,20.3179
3,47,ans_final,1.2688,33.8624,6.0621
3,47,ans_first,2.0684,35.0128,8.4527
3,47,cq,1.5454,43.3514,23.0537
3,47,ans_final,1.5247,44.3582,7.1817
3,47,ans_first,1.8989,44.4481,5.9355
3,47,cq,2.3642,47.6810,23.5047
3,47,ans_final,1.4710,48.6936,6.6576
3,47,ans_first,1.7216,49.2668,10.3127
3,47,cq,1.1524,53.3195,17.1218
3,47,ans_final,1.2758,54.3698,8.4821
3,47,ans_first,2.4491,54.7396,6.0194
3,47,cq,1.2516,57.0847,19.4994
3,47,ans_final,1.2963,57.3828,5.0401
3,47,ans_first,1.7646,57.5401,6.7183
3,47,cq,1.7836,61.3324,19.0468
3,47,ans_final,1.3898,61.7122,7.2774
3,48,ans_first,2.0144,7.4472,7.4472
3,48,cq,0.7903,19.4705,17.7194
3,48,ans_final,1.1511,20.2152,6.4884
3,48,ans_first,1.4936,21.2811,6.4026
3,48,cq,0.1832,24.3507,8.5754
3,48,ans_final,1.2513,25.3475,5.4884
3,48,ans_first,1.8344,25.7741,4.2841
3,48,cq,0.8666,28.6815,13.7884
3,48,ans_final,1.4757,29.2629,6.4911
3,48,ans_first,2.0350,30.8956,10.4777
3,48,cq,2.3814,36.9151,22.6237
3,48,ans_final,1.1953,37.0740,5.9996
3,48,ans_first,1.0297,37.1804,6.9942
3,48,cq,1.7571,43.1699,16.6646
3,48,ans_final,1.3879,43.6143,6.4054
3,48,ans_first,1.9797,44.4595,8.7880
3,48,cq,1.2138,50.1347,15.6949
3,48,ans_final,1.1785,50.4358,5.1056
3,48,ans_first,1.4165,50.8655,6.6925
3,48,cq,1.5554,52.9279,14.9896
3,48,ans_final,1.3458,53.3971,6.8836
3,48,ans_first,1.3950,54.1143,6.9084
3,48,cq,1.0372,59.6788,19.5510
3,48,ans_final,1.4458,59.7234,5.5486
3,49,ans_first,1.3819,7.4695,7.4695
3,49,cq,1.5371,22.0032,20.3264
3,49,ans_final,1.4243,22.8488,5.3774
3,49,ans_first,1.6015,23.9545,6.7916
3,49,cq,1.1378,27.4557,15.8438
3,49,ans_final,1.2914,27.7791,4.6654
3,49,ans_first,1.5304,28.3972,7.0703
3,49,cq,1.0181,34.8152,20.5388
3,49,ans_final,1.2833,35.1475,4.4687
3,49,ans_first,1.7273,35.4022,6.6890
3,49,cq,1.4842,36.7658,17.0674
3,49,ans_final,1.2867,36.8657,4.2257
3,49,ans_first,2.2214,37.9851,7.8239
3,49,cq,2.6225,48.4915,28.5095
3,49,ans_final,1.3781,48.6786,4.6661
3,49,ans_first,1.4625,48.9477,5.2316
3,49,cq,1.6502,53.2461,21.4957
3,49,ans_final,1.4114,53.5607,5.9068
3,49,ans_first,2.3820,53.9951,7.4588
3,49,cq,1.8260,57.0477,17.8451
3,49,ans_final,1.5152,57.0298,5.8216
3,49,ans_first,2.0703,57.5072,9.4349
3,49,cq,2.5793,60.8177,32.6186
3,49,ans_final,1.4167,61.2460,5.1157
3,50,ans_first,2.0839,7.3788,7.3788
3,50,cq,2.0869,33.2971,32.7897
3,50,ans_final,1.1904,34.0074,6.1997
3,50,ans_first,2.1807,34.5175,6.6734
3,50,cq,1.1390,35.1035,14.4935
3,50,ans_final,1.2312,35.2808,3.9166
3,50,ans_first,2.1096,35.8816,7.4712
3,50,cq,2.3601,44.0080,22.2170
3,50,ans_final,1.4816,44.6799,6.1691
3,50,ans_first,1.9815,45.0067,6.1177
3,50,cq,0.8687,46.1407,11.8154
3,50,ans_final,1.4545,46.8295,6.4741
3,50,ans_first,1.5981,47.3566,6.3479
3,50,cq,0.6523,47.6752,14.2834
3,50,ans_final,1.0766,47.9304,4.5035
3,50,ans_first,2.0376,48.2294,6.7209
3,50,cq,0.8606,53.5231,15.0126
3,50,ans_final,1.3788,53.7991,4.2287
3,50,ans_first,1.8654,54.5473,13.6211
3,50,cq,1.4199,53.2190,18.3322
3,50,ans_final,1.5755,53.6884,8.3396
3,50,ans_first,2.0231,54.0731,11.2663
3,50,cq,1.3197,54.8715,11.8150
3,50,ans_final,1.3405,55.3389,4.1724
3,51,ans_first,1.3288,8.5276,8.5276
3,51,cq,0.3372,15.6312,13.0670
3,51,ans_final,1.4114,17.0287,6.7157
3,51,ans_first,1.6831,19.3765,8.4357
3,51,cq,0.6801,27.1344,14.8072
3,51,ans_final,1.0320,27.9498,6.1090
3,51,ans_first,2.1238,30.3077,11.4773
3,51,cq,1.5904,34.0154,22.1671
3,51,ans_final,1.3473,34.9187,6.9875
3,51,ans_first,1.3128,36.0005,6.4822
3,51,cq,0.5945,37.0969,12.5435
3,51,ans_final,1.3208,37.5426,4.5181
3,51,ans_first,2.1813,37.9855,6.9820
3,51,cq,1.1015,44.8675,23.6263
3,51,ans_final,1.4628,45.3715,6.6677
3,51,ans_first,2.1076,45.7183,8.9529
3,51,cq,2.0062,46.1883,15.1571
3,51,ans_final,1.3632,46.7886,6.6974
3,51,ans_first,1.0305,47.8873,7.7209
3,51,cq,0.4686,51.3525,14.6935
3,51,ans_final,1.3197,52.3801,7.3900
3,51,ans_first,1.5780,52.8306,5.8855
3,51,cq,1.3292,54.1727,14.8576
3,51,ans_final,1.2779,54.9805,5.3358
3,52,ans_first,1.3576,6.8155,6.8155
3,52,cq,1.6261,20.4230,19.3156
3,52,ans_final,1.4690,20.9734,5.1346
3,52,ans_first,1.4610,21.3558,4.4728
3,52,cq,1.2314,27.2938,16.6572
3,52,ans_final,1.4317,28.2395,7.4643
3,52,ans_first,2.0033,31.0346,12.1909
3,52,cq,1.7626,45.5142,28.4510
3,52,ans_final,1.2315,45.9662,8.5877
3,52,ans_first,1.6557,47.4355,7.0704
3,52,cq,1.5950,48.3198,20.7126
3,52,ans_final,1.3187,48.5374,7.0094
3,52,ans_first,1.8431,48.9881,6.2359
3,52,cq,0.6312,52.9592,19.0474
3,52,ans_final,1.6968,53.1298,6.3224
3,52,ans_first,1.7641,54.2170,8.5214
3,52,cq,0.1300,53.5536,6.7265
3,52,ans_final,1.3670,53.9454,6.3007
3,52,ans_first,1.6149,54.1769,6.5568
3,52,cq,1.9681,61.4140,19.8424
3,52,ans_final,1.3354,61.2938,4.6184
3,52,ans_first,1.7978,61.7263,6.8347
3,52,cq,0.3428,65.8578,14.0102
3,52,ans_final,1.3542,65.8967,4.2169
3,53,ans_first,1.6571,8.2956,8.2956
3,53,cq,0.3796,15.6275,13.3978
3,53,ans_final,1.3385,16.1686,4.5809
3,53,ans_first,1.6349,17.6195,6.5486
3,53,cq,0.8712,24.2718,13.8209
3,53,ans_final,1.3893,25.0884,6.2068
3,53,ans_first,1.6533,26.6675,8.5515
3,53,cq,0.5976,29.9456,12.6997
3,53,ans_final,1.1741,30.3165,5.1357
3,53,ans_first,1.7990,31.3652,6.1206
3,53,cq,1.6063,38.5743,17.2981
3,53,ans_final,1.3678,39.0061,6.0266
3,53,ans_first,1.9980,39.8020,7.4651
3,53,cq,1.7257,43.7217,18.6109
3,53,ans_final,1.5770,43.9678,6.7305
3,53,ans_first,1.0552,43.8510,5.2027
3,53,cq,0.8090,47.1431,15.2333
3,53,ans_final,1.2310,47.4758,6.7933
3,53,ans_first,1.8217,47.4490,6.0933
3,53,cq,1.9743,53.3241,18.1384
3,53,ans_final,1.4637,53.4901,6.1007
3,53,ans_first,1.4953,54.1268,6.5700
3,53,cq,1.1496,58.4388,19.1736
3,53,ans_final,1.1601,58.6569,5.3031
3,54,ans_first,2.1692,8.9693,8.9693
3,54,cq,0.9526,20.5580,18.1760
3,54,ans_final,1.4818,20.8207,5.6271
3,54,ans_first,1.8214,21.7645,6.6745
3,54,cq,1.4701,27.5813,16.1718
3,54,ans_final,1.6007,28.3797,7.7680
3,54,ans_first,1.8294,29.8048,9.0145
3,54,cq,1.5654,34.0149,24.3943
3,54,ans_final,1.6016,34.6061,6.9879
3,54,ans_first,1.9998,35.5844,7.5710
3,54,cq,1.9075,42.1936,21.4497
3,54,ans_final,1.3310,42.7475,6.5486
3,54,ans_first,2.2596,43.2768,5.6885
3,54,cq,1.6076,48.8414,20.8773
3,54,ans_final,1.5554,49.1728,6.2897
3,54,ans_first,2.2137,49.9464,8.5132
3,54,cq,2.5979,57.6863,28.2071
3,54,ans_final,1.1463,57.8895,6.8001
3,54,ans_first,1.8410,58.5823,6.5915
3,54,cq,0.3550,60.1448,11.4342
3,54,ans_final,1.1953,60.2066,6.4337
3,54,ans_first,2.6371,60.5746,8.5595
3,54,cq,1.3097,63.2340,18.1976
3,54,ans_final,1.3010,63.2472,4.8565
3,55,ans_first,1.8510,7.2741,7.2741
3,55,cq,1.9353,23.5176,21.9025
3,55,ans_final,1.3371,23.9025,5.0709
3,55,ans_first,1.8890,24.2185,5.2363
3,55,cq,1.3781,30.1015,22.8326
3,55,ans_final,1.3654,30.1823,4.4919
3,55,ans_first,1.5562,31.0848,7.3590
3,55,cq,0.3154,33.6498,14.8489
3,55,ans_final,1.2771,33.8598,5.8966
3,55,ans_first,1.4194,34.7243,7.5417
3,55,cq,1.7539,39.4583,19.6130
3,55,ans_final,1.3086,39.6568,6.8445
3,55,ans_first,1.9581,40.0260,4.7122
3,55,cq,1.2688,43.0358,16.9353
3,55,ans_final,1.5822,43.4042,5.2418
3,55,ans_first,1.7103,43.5810,4.7624
3,55,cq,1.1549,47.4950,17.7884
3,55,ans_final,1.5420,48.1130,6.8508
3,55,ans_first,1.8389,48.4903,5.8003
3,55,cq,0.8673,53.4882,25.5132
3,55,ans_final,1.3287,53.8514,5.1818
3,55,ans_first,2.5361,54.2506,7.7410
3,55,cq,1.4249,58.6101,21.5307
3,55,ans_final,1.5077,59.5007,9.7489
3,56,ans_first,1.7327,6.9842,6.9842
3,56,cq,1.8435,20.3183,19.2187
3,56,ans_final,1.2566,21.1274,5.2907
3,56,ans_first,1.7557,22.1641,6.1410
3,56,cq,1.0683,25.8060,14.3474
3,56,ans_final,1.3178,25.8327,4.3071
3,56,ans_first,2.0591,26.5807,6.3510
3,56,cq,2.0260,34.6179,18.9257
3,56,ans_final,1.4196,34.7376,4.0461
3,56,ans_first,1.5524,35.3153,7.1104
3,56,cq,1.5108,43.8523,30.2519
3,56,ans_final,1.2707,43.6641,8.2288
3,56,ans_first,1.2930,44.3711,6.4049
3,56,cq,1.3835,51.6263,22.5657
3,56,ans_final,1.2766,51.8708,4.6255
3,56,ans_first,2.0203,52.8592,8.4857
3,56,cq,0.3706,58.0115,15.2355
3,56,ans_final,1.2622,57.9818,4.7108
3,56,ans_first,1.8441,59.2505,9.5098
3,56,cq,1.3026,62.8532,16.0817
3,56,ans_final,1.6024,63.0918,7.2979
3,56,ans_first,1.6154,63.4326,5.5104
3,56,cq,0.5451,67.8138,13.4458
3,56,ans_final,1.4514,68.0997,6.6198
3,57,ans_first,1.6923,7.1653,7.1653
3,57,cq,1.0595,17.7356,15.8295
3,57,ans_final,1.3542,18.5665,6.4182
3,57,ans_first,1.4226,19.3900,5.6286
3,57,cq,1.9152,28.4799,22.3975
3,57,ans_final,1.4322,29.3318,6.4979
3,57,ans_first,1.5654,30.6831,9.0179
3,57,cq,1.1269,32.9064,12.9847
3,57,ans_final,1.5571,34.0430,8.4846
3,57,ans_first,1.3676,34.3714,5.4238
3,57,cq,1.4708,46.2110,30.7903
3,57,ans_final,1.2662,46.6897,5.8800
3,57,ans_first,1.7241,47.5527,8.6063
3,57,cq,2.0428,53.3253,22.7172
3,57,ans_final,1.4195,53.9966,8.1188
3,57,ans_first,1.4472,54.2916,10.0720
3,57,cq,1.6288,58.9055,23.2195
3,57,ans_final,1.2684,59.1248,5.0799
3,57,ans_first,1.8728,59.1712,5.2103
3,57,cq,0.6047,61.6447,16.8152
3,57,ans_final,1.3773,61.7321,4.7763
3,57,ans_first,1.8717,62.5780,10.4537
3,57,cq,0.8133,64.0003,15.3917
3,57,ans_final,1.5488,64.2647,7.5909
3,58,ans_first,2.1619,5.2380,5.2380
3,58,cq,1.0842,12.9408,11.9506
3,58,ans_final,1.4532,13.6941,4.8924
3,58,ans_first,1.3926,15.5960,7.1803
3,58,cq,0.1479,16.6895,6.4000
3,58,ans_final,1.2827,17.2786,5.4895
3,58,ans_first,1.1904,18.6374,6.9949
3,58,cq,2.3528,33.1833,27.6690
3,58,ans_final,1.6815,34.8312,9.5708
3,58,ans_first,2.1525,35.7715,9.1080
3,58,cq,1.0331,35.2385,13.7229
3,58,ans_final,1.3211,35.4655,5.1041
3,58,ans_first,1.0884,36.9733,8.7159
3,58,cq,2.0838,40.7471,20.3741
3,58,ans_final,1.6294,41.4981,8.2269
3,58,ans_first,2.0507,42.0147,7.0474
3,58,cq,1.4265,44.1331,13.5496
3,58,ans_final,1.4509,44.2351,5.2132
3,58,ans_first,1.0641,45.3060,8.9157
3,58,cq,2.0383,51.8507,24.1704
3,58,ans_final,1.3064,52.0722,5.5265
3,58,ans_first,1.5313,53.0871,8.9155
3,58,cq,1.7281,58.9471,28.0526
3,58,ans_final,1.5472,59.7089,7.7308
3,59,ans_first,1.6703,6.8071,6.8071
3,59,cq,1.4971,20.5054,19.3240
3,59,ans_final,1.1647,20.8545,5.6619
3,59,ans_first,1.6590,21.9785,6.1818
3,59,cq,1.7735,28.9469,17.9527
3,59,ans_final,1.4459,29.4715,6.2337
3,59,ans_first,1.7538,30.2351,7.2418
3,59,cq,1.6444,36.8109,30.3142
3,59,ans_final,1.6366,37.5135,7.9347
3,59,ans_first,1.8423,37.9501,5.8884
3,59,cq,2.0149,44.7455,21.0293
3,59,ans_final,1.5503,45.5222,8.2716
3,59,ans_first,1.8631,46.3639,8.1150
3,59,cq,1.3300,49.9908,14.7959
3,59,ans_final,1.3659,50.4882,6.7154
3,59,ans_first,2.0540,50.8840,7.1191
3,59,cq,2.0674,51.7408,22.2645
3,59,ans_final,1.3065,52.1865,6.4445
3,59,ans_first,2.3242,52.6820,7.0577
3,59,cq,1.4789,61.2105,29.4146
3,59,ans_final,1.7421,61.6114,6.1520
3,59,ans_first,2.1270,62.1017,6.8122
3,59,cq,0.7924,65.3604,14.9716
3,59,ans_final,1.4358,65.6122,7.1945
3,60,ans_first,2.6990,9.4479,9.4479
3,60,cq,3.0034,37.3851,36.8503
3,60,ans_final,1.3903,37.7255,5.2820
3,60,ans_first,1.2335,38.3404,6.0693
3,60,cq,1.4095,37.6359,16.4583
3,60,ans_final,1.3370,37.8628,4.5234
3,60,ans_first,1.3887,38.7570,7.6013
3,60,cq,1.1485,41.9153,19.9916
3,60,ans_final,1.2647,42.4904,5.6409
3,60,ans_first,1.8989,43.1585,7.9886
3,60,cq,1.5273,49.1900,17.9207
3,60,ans_final,1.3570,49.7511,7.6202
3,60,ans_first,2.2997,50.1219,7.4095
3,60,cq,2.7138,59.0439,25.7190
3,60,ans_final,1.2968,59.4480,5.9496
3,60,ans_first,2.0469,59.8488,5.5806
3,60,cq,1.8754,62.4495,18.5530
3,60,ans_final,1.4423,62.7299,6.8193
3,60,ans_first,1.8181,64.2443,11.5969
3,60,cq,0.9843,67.6413,12.9958
3,60,ans_final,1.4325,68.1392,7.9317
3,60,ans_first,2.7128,69.3925,14.2601
3,60,cq,1.5245,76.3640,23.5178
3,60,ans_final,1.4252,77.1239,7.3147
3,61,ans_first,1.2335,4.9993,4.9993
3,61,cq,1.3867,19.3218,18.5170
3,61,ans_final,1.2068,20.0542,5.4729
3,61,ans_first,1.9679,20.9905,6.4535
3,61,cq,1.4468,30.7337,19.2764
3,61,ans_final,1.4308,30.6481,5.5022
3,61,ans_first,1.4217,31.9460,8.3245
3,61,cq,0.1423,32.0768,5.6784
3,61,ans_final,1.3745,32.5067,6.1736
3,61,ans_first,2.2018,33.6347,7.6255
3,61,cq,1.3440,36.3280,18.3996
3,61,ans_final,1.7498,36.8579,7.2166
3,61,ans_first,1.6900,37.1929,5.1680
3,61,cq,1.3550,45.8010,27.2543
3,61,ans_final,1.0645,45.8094,4.7371
3,61,ans_first,1.8659,46.5488,8.9355
3,61,cq,1.6955,50.7372,21.2323
3,61,ans_final,1.2917,51.1060,5.1689
3,61,ans_first,1.9165,51.7626,7.8907
3,61,cq,0.9403,55.0443,20.6671
3,61,ans_final,1.5015,55.3835,6.7988
3,61,ans_first,1.5767,56.0148,7.0137
3,61,cq,0.9247,61.7158,21.4799
3,61,ans_final,1.1845,62.0321,6.8704
3,62,ans_first,1.8050,8.5562,8.5562
3,62,cq,1.2737,18.0226,15.9453
3,62,ans_final,1.2905,18.6017,5.3180
3,62,ans_first,1.9496,20.7410,9.6296
3,62,cq,1.2941,25.5651,14.9025
3,62,ans_final,1.3962,26.2385,6.5144
3,62,ans_first,1.5646,26.9045,5.6648
3,62,cq,1.0283,30.0694,14.2922
3,62,ans_final,1.3880,30.3982,4.6383
3,62,ans_first,1.7714,30.8659,6.3528
3,62,cq,1.3089,37.6476,17.3658
3,62,ans_final,1.6109,38.0539,7.1194
4,0,ans_first,1.4688,5.7513,5.7513
4,0,cq,1.4564,20.1410,19.3627
4,0,ans_final,1.4051,21.0081,6.2665
4,0,ans_first,1.8032,22.0327,6.1338
4,0,cq,1.7556,29.0024,16.5011
4,0,ans_final,1.3236,29.4616,5.3209
4,0,ans_first,2.2322,30.7551,7.9607
4,0,cq,1.2665,37.9036,18.7164
4,0,ans_final,1.5662,38.7421,6.8778
4,0,ans_first,1.9582,39.4429,6.6020
4,0,cq,2.6664,45.0928,22.6624
4,0,ans_final,1.4522,45.6471,6.9418
4,0,ans_first,1.6144,46.0070,5.3656
4,0,cq,1.0613,47.9692,9.4656
4,0,ans_final,1.1611,48.7224,4.8094
4,0,ans_first,1.7269,49.1435,6.6478
4,0,cq,1.4904,53.1441,16.8039
4,0,ans_final,1.5210,54.3338,7.9682
4,0,ans_first,2.3328,55.3781,8.5441
4,0,cq,1.3118,59.0781,16.0683
4,0,ans_final,1.3800,60.0487,5.5017
4,0,ans_first,2.2147,60.8922,8.8403
4,0,cq,1.3312,65.7895,21.9591
4,0,ans_final,1.5219,66.4525,5.8039
4,1,ans_first,1.6651,6.2088,6.2088
4,1,cq,1.7479,19.2519,17.9455
4,1,ans_final,1.3821,19.5110,5.5537
4,1,ans_first,1.8108,20.5739,6.6444
4,1,cq,1.4569,25.6151,15.5502
4,1,ans_final,1.2355,26.1279,5.4255
4,1,ans_first,2.1089,27.4813,8.1507
4,1,cq,1.3423,33.9892,14.5697
4,1,ans_final,1.5998,35.0051,7.7554
4,1,ans_first,1.7953,35.8811,6.5303
4,1,cq,1.1410,42.8414,18.6948
4,1,ans_final,1.3639,43.7605,8.1358
4,1,ans_first,2.2404,44.0737,8.3112
4,1,cq,1.1168,48.4661,18.4289
4,1,ans_final,1.2400,49.2370,6.4118
4,1,ans_first,1.7363,49.8963,8.1403
4,1,cq,0.8461,53.3561,16.7109
4,1,ans_final,1.4200,54.1445,8.1401
4,1,ans_first,1.4705,54.2070,6.0184
4,1,cq,0.1335,55.4933,6.8264
4,1,ans_final,1.1265,56.2998,6.5579
4,1,ans_first,1.7240,56.6924,7.7939
4,1,cq,0.8066,62.1229,15.7998
4,1,ans_final,1.3786,62.6271,5.9460
4,2,ans_first,1.3002,6.5145,6.5145
4,2,cq,1.3675,22.1059,20.7755
4,2,ans_final,1.2561,23.1243,7.5724
4,2,ans_first,1.4428,23.8424,6.3968
4,2,cq,2.0660,33.6973,23.3218
4,2,ans_final,1.4054,34.3443,6.7595
4,2,ans_first,1.5235,34.7716,5.5621
4,2,cq,1.2182,37.8055,17.2054
4,2,ans_final,1.5084,39.2116,7.9864
4,2,ans_first,1.5780,39.5596,5.9299
4,2,cq,1.3178,42.3172,14.5563
4,2,ans_final,1.2048,42.8828,6.5750
4,2,ans_first,1.5248,43.1695,6.1550
4,2,cq,0.8442,45.6150,12.4305
4,2,ans_final,1.7198,47.1067,7.8833
4,2,ans_first,1.7583,47.4879,6.1473
4,2,cq,1.0532,50.2194,14.0073
4,2,ans_final,1.0289,51.5582,5.8673
4,2,ans_first,2.0022,52.1741,7.6906
4,2,cq,1.1276,55.6011,15.5291
4,2,ans_final,1.2094,56.5544,5.5976
4,2,ans_first,1.7577,57.1194,7.3174
4,2,cq,1.3694,57.9200,19.5141
4,2,ans_final,1.3234,59.0866,8.0393
4,3,ans_first,1.5739,5.7505,5.7505
4,3,cq,0.6969,17.3836,16.3883
4,3,ans_final,1.3668,18.2977,5.9891
4,3,ans_first,1.8703,19.0926,5.2236
4,3,cq,0.5826,28.1340,16.0203
4,3,ans_final,1.2056,28.6463,5.7040
4,3,ans_first,1.6379,29.6155,7.1459
4,3,cq,0.3827,28.0425,17.6717
4,3,ans_final,1.2705,28.4340,5.1520
4,3,ans_first,1.8294,29.9727,9.5300
4,3,cq,2.3574,37.8403,22.3135
4,3,ans_final,1.4258,38.8168,8.8296
4,3,ans_first,1.3565,39.2341,4.7703
4,3,cq,1.8895,50.0346,28.9172
4,3,ans_final,1.4996,51.6858,8.8312
4,3,ans_first,2.0171,52.6146,8.7725
4,3,cq,0.7673,61.2356,18.9559
4,3,ans_final,1.3701,62.0323,6.6512
4,3,ans_first,1.6979,62.2041,7.6801
4,3,cq,1.4488,65.1979,20.0937
4,3,ans_final,1.3884,65.9728,6.1438
4,3,ans_first,1.6413,67.0674,6.9294
4,3,cq,1.5819,64.9147,20.1576
4,3,ans_final,1.2428,65.4348,5.0011
4,4,ans_first,1.9631,5.4846,5.4846
4,4,cq,1.6703,17.6855,16.6794
4,4,ans_final,1.3529,18.0017,5.3706
4,4,ans_first,2.2900,19.4279,7.6003
4,4,cq,2.6305,28.9876,21.9168
4,4,ans_final,1.4698,30.1341,8.1016
4,4,ans_first,1.6432,30.5469,5.4998
4,4,cq,1.6567,35.5218,20.8230
4,4,ans_final,1.7257,37.0859,8.3462
4,4,ans_first,1.4665,37.8331,8.5557
4,4,cq,0.1849,38.8403,9.1281
4,4,ans_final,1.0775,39.5766,4.8565
4,4,ans_first,1.8630,40.1613,6.1511
4,4,cq,0.8787,44.4321,16.8351
4,4,ans_final,1.3075,45.1582,5.1340
4,4,ans_first,1.3302,45.8312,6.2297
4,4,cq,0.5879,46.2446,9.5513
4,4,ans_final,1.3946,47.3359,8.0314
4,4,ans_first,2.0001,47.8516,6.1870
4,4,cq,0.3572,51.3010,16.2830
4,4,ans_final,1.3573,52.1043,4.8552
4,4,ans_first,1.2926,52.2893,7.7388
4,4,cq,1.1608,57.7193,19.4002
4,4,ans_final,1.3227,59.2735,8.9879
4,5,ans_first,1.9220,7.9218,7.9218
4,5,cq,0.8957,21.9890,20.3476
4,5,ans_final,1.2402,22.4510,5.5364
4,5,ans_first,1.8440,23.3918,5.9694
4,5,cq,1.9743,29.5916,20.0040
4,5,ans_final,1.5414,30.1448,7.4424
4,5,ans_first,1.8119,30.9542,7.3223
4,5,cq,1.2223,34.4465,13.9443
4,5,ans_final,1.3508,35.1423,5.8593
4,5,ans_first,1.5264,36.2086,8.2191
4,5,cq,0.1705,36.0467,8.4368
4,5,ans_final,1.3281,37.0945,5.7507
4,5,ans_first,2.0627,37.7882,7.1072
4,5,cq,0.9814,39.4389,12.2227
4,5,ans_final,1.3132,40.2569,6.0989
4,5,ans_first,2.2909,40.8855,7.6627
4,5,cq,1.3025,43.9912,15.5289
4,5,ans_final,1.4369,44.7890,7.9643
4,5,ans_first,2.2193,45.8093,9.2708
4,5,cq,1.4239,48.0426,15.0317
4,5,ans_final,1.2632,48.6682,5.3918
4,5,ans_first,1.3591,48.7880,6.2497
4,5,cq,2.8366,52.1231,20.0966
4,5,ans_final,1.2258,53.2636,8.7983
4,6,ans_first,2.0978,10.0125,10.0125
4,6,cq,1.6525,27.7001,26.5497
4,6,ans_final,1.4123,28.3490,8.7775
4,6,ans_first,1.5963,29.0321,6.1704
4,6,cq,0.6339,31.2347,13.1946
4,6,ans_final,1.1591,32.0960,6.4594
4,6,ans_first,2.2418,32.4550,6.3574
4,6,cq,0.8855,36.0243,15.2763
4,6,ans_final,1.2650,36.8251,6.5822
4,6,ans_first,2.4271,37.6072,8.4928
4,6,cq,3.0077,43.0958,22.5634
4,6,ans_final,1.5350,43.8077,7.2449
4,6,ans_first,1.6779,44.1783,6.2681
4,6,cq,0.2935,45.4879,14.7983
4,6,ans_final,1.4518,45.8929,6.2026
4,6,ans_first,2.1147,46.9275,9.9058
4,6,cq,1.0313,51.1716,19.1092
4,6,ans_final,1.2715,51.7140,5.8350
4,6,ans_first,1.7839,52.2020,7.6051
4,6,cq,0.8381,56.3681,17.6587
4,6,ans_final,1.2308,56.7268,5.4536
4,6,ans_first,1.8840,57.0911,6.7440
4,6,cq,0.8862,57.5944,12.6600
4,6,ans_final,1.3518,58.2896,5.9098
4,7,ans_first,1.7937,6.1676,6.1676
4,7,cq,1.5737,18.8919,17.2843
4,7,ans_final,1.5846,19.4950,7.1378
4,7,ans_first,1.4383,20.0952,5.4403
4,7,cq,0.9538,26.0069,15.6167
4,7,ans_final,1.4309,26.9528,8.0483
4,7,ans_first,1.7387,27.6371,6.7082
4,7,cq,2.8026,41.2311,37.7271
4,7,ans_final,1.2644,41.9238,6.9304
4,7,ans_first,1.6459,42.1457,5.7349
4,7,cq,1.0267,44.1003,16.6675
4,7,ans_final,1.3266,44.9844,7.7847
4,7,ans_first,1.4664,45.2952,6.2707
4,7,cq,0.9251,46.9113,13.3013
4,7,ans_final,1.6058,47.7483,7.8532
4,7,ans_first,2.3101,48.3872,7.0162
4,7,cq,1.6533,51.4434,19.7092
4,7,ans_final,1.4902,51.8977,5.3738
4,7,ans_first,1.5014,53.0456,8.7158
4,7,cq,1.3310,63.0038,33.1563
4,7,ans_final,1.1861,63.4135,6.9271
4,7,ans_first,2.0678,63.8127,8.4963
4,7,cq,1.5123,68.0891,23.5453
4,7,ans_final,1.5445,69.1430,8.7519
4,8,ans_first,1.7456,5.5596,5.5596
4,8,cq,1.5240,23.5181,22.7191
4,8,ans_final,1.4486,23.9846,6.3465
4,8,ans_first,2.3733,25.2203,7.5146
4,8,cq,1.8094,30.5153,17.9031
4,8,ans_final,1.3476,30.7676,4.3067
4,8,ans_first,1.8882,31.4078,6.8263
4,8,cq,1.4569,37.6084,21.2209
4,8,ans_final,1.3727,38.6746,8.6832
4,8,ans_first,1.2744,39.4354,6.6248
4,8,cq,1.0599,42.8214,16.2077
4,8,ans_final,0.9773,44.2815,8.5421
4,8,ans_first,1.8098,44.6848,7.2674
4,8,cq,1.7307,49.1258,20.9361
4,8,ans_final,1.2420,49.7263,7.6435
4,8,ans_first,1.6506,50.5583,8.4280
4,8,cq,0.3777,53.4642,13.3378
4,8,ans_final,1.2739,54.3014,6.1136
4,8,ans_first,1.1861,54.7693,6.9206
4,8,cq,2.3249,59.0197,25.7971
4,8,ans_final,1.2477,59.7768,7.3812
4,8,ans_first,2.1644,60.5674,9.4689
4,8,cq,1.7300,62.9884,17.6340
4,8,ans_final,1.3039,64.0352,7.8694
4,9,ans_first,1.9714,6.5018,6.5018
4,9,cq,1.4235,19.6475,18.6623
4,9,ans_final,1.4587,20.1979,6.9849
4,9,ans_first,1.9779,21.1400,6.1334
4,9,cq,1.3720,29.8768,18.0081
4,9,ans_final,1.3109,30.1798,7.5454
4,9,ans_first,2.2027,30.9728,7.2865
4,9,cq,2.3594,48.0034,32.3484
4,9,ans_final,1.3294,47.8633,6.9572
4,9,ans_first,1.9302,48.5271,7.4984
4,9,cq,1.9072,48.0972,18.0722
4,9,ans_final,1.3803,48.3968,5.8253
4,9,ans_first,1.8579,49.1459,5.0212
4,9,cq,1.6015,52.9442,20.6143
4,9,ans_final,1.5061,53.3256,5.5918
4,9,ans_first,2.1512,54.0418,9.1057
4,9,cq,1.0275,52.5925,14.5361
4,9,ans_final,1.3041,53.2574,7.0383
4,9,ans_first,2.0758,53.8441,7.3964
4,9,cq,2.0537,60.5253,33.3119
4,9,ans_final,1.4794,61.1958,9.3567
4,9,ans_first,2.4838,61.6340,7.5925
4,9,cq,1.6800,66.0954,22.6497
4,9,ans_final,1.3053,66.4885,6.8736
4,10,ans_first,2.1071,7.5342,7.5342
4,10,cq,2.3284,23.1314,21.7870
4,10,ans_final,1.2950,24.1544,6.4832
4,10,ans_first,1.4178,24.7738,5.5502
4,10,cq,0.9952,33.2459,20.2992
4,10,ans_final,1.2522,33.7546,6.7888
4,10,ans_first,1.3874,34.4145,6.9140
4,10,cq,1.0510,39.8835,19.4098
4,10,ans_final,1.2490,40.6290,6.2504
4,10,ans_first,1.8886,41.1876,6.8453
4,10,cq,1.4341,44.4311,15.8592
4,10,ans_final,1.2269,45.0550,4.8546
4,10,ans_first,2.2917,45.6775,6.8072
4,10,cq,1.0835,46.3892,20.3528
4,10,ans_final,1.5566,47.0709,6.2541
4,10,ans_first,1.9620,47.3368,6.4236
4,10,cq,1.9630,59.1300,35.7563
4,10,ans_final,1.3860,60.0896,5.5565
4,10,ans_first,2.5342,60.2700,7.8636
4,10,cq,1.4160,66.0330,20.6173
4,10,ans_final,1.4675,66.8409,6.5906
4,10,ans_first,1.8165,67.3990,8.4790
4,10,cq,1.1478,70.5674,16.8344
4,10,ans_final,1.3506,71.1247,6.3279
4,11,ans_first,2.0458,6.3298,6.3298
4,11,cq,1.8027,25.3040,24.6342
4,11,ans_final,1.4235,26.8422,10.0091
4,11,ans_first,2.4995,27.7544,8.0603
4,11,cq,1.1644,33.1658,16.1071
4,11,ans_final,1.6443,34.8126,8.8328
4,11,ans_first,1.5900,35.5585,6.7650
4,11,cq,0.6989,39.3387,15.6694
4,11,ans_final,1.3418,40.6352,7.0251
4,11,ans_first,2.2981,41.7022,7.8794
4,11,cq,1.1302,47.3741,20.3323
4,11,ans_final,1.1515,48.2469,6.2518
4,11,ans_first,1.4773,48.5366,6.7258
4,11,cq,1.3603,53.4739,18.3247
4,11,ans_final,1.1961,54.5665,7.0296
4,11,ans_first,1.8062,54.7188,8.0708
4,11,cq,0.9783,55.3866,22.6993
4,11,ans_final,1.4708,56.3743,6.8939
4,11,ans_first,1.6280,56.5905,6.8701
4,11,cq,1.7864,58.2727,20.4240
4,11,ans_final,1.4109,59.2890,7.2142
4,11,ans_first,1.6314,59.5032,5.9934
4,11,cq,1.2462,59.7272,14.2945
4,11,ans_final,1.3341,60.8876,6.5189
4,12,ans_first,1.8083,10.1519,10.1519
4,12,cq,1.3524,18.9821,16.3091
4,12,ans_final,1.4453,19.3855,7.0611
4,12,ans_first,1.6727,20.4986,6.0496
4,12,cq,2.2734,31.8471,23.9919
4,12,ans_final,1.6121,32.2007,5.5409
4,12,ans_first,1.7890,33.6322,9.5860
4,12,cq,0.8674,38.6542,21.5613
4,12,ans_final,1.6323,39.4836,8.7731
4,12,ans_first,1.7329,40.0019,6.3962
4,12,cq,1.2072,42.5749,13.7709
4,12,ans_final,1.1627,43.0778,5.5382
4,12,ans_first,1.7049,44.0308,7.9631
4,12,cq,1.0726,49.0337,21.8905
4,12,ans_final,1.2909,49.9269,7.3077
4,12,ans_first,2.1478,50.2716,6.0997
4,12,cq,2.0196,51.7947,17.7373
4,12,ans_final,1.2047,52.5129,5.8209
4,12,ans_first,1.7818,52.9723,6.9454
4,12,cq,1.1573,55.8702,17.6815
4,12,ans_final,1.5079,56.8517,8.1738
4,12,ans_first,1.6263,57.0971,5.8759
4,12,cq,1.5530,61.4519,19.2134
4,12,ans_final,1.4771,62.0826,7.4956
4,13,ans_first,1.8421,7.3345,7.3345
4,13,cq,1.8932,23.6254,22.0025
4,13,ans_final,1.3336,24.6503,6.5223
4,13,ans_first,1.3602,25.6330,6.4084
4,13,cq,1.4472,30.2263,15.5764
4,13,ans_final,1.4676,31.2116,6.8765
4,13,ans_first,1.9093,32.1814,5.9209
4,13,cq,2.3368,44.6636,23.0320
4,13,ans_final,1.3035,45.5880,8.3375
4,13,ans_first,1.5772,45.7060,6.0690
4,13,cq,1.0012,50.8373,12.8863
4,13,ans_final,1.1755,51.1131,6.2877
4,13,ans_first,1.9006,51.5198,5.6508
4,13,cq,1.8082,55.3937,23.2037
4,13,ans_final,1.1993,56.2661,7.7961
4,13,ans_first,2.1617,56.4642,4.9214
4,13,cq,2.2549,60.5845,20.5240
4,13,ans_final,1.1621,60.8864,5.6470
4,13,ans_first,1.2155,61.0469,7.7672
4,13,cq,1.2289,64.2522,19.9165
4,13,ans_final,1.3398,65.2020,5.9612
4,13,ans_first,2.1491,66.1477,11.0649
4,13,cq,1.7083,74.7049,24.9284
4,13,ans_final,1.2606,75.4460,5.5923
4,14,ans_first,1.9998,6.7608,6.7608
4,14,cq,0.8460,16.9583,15.8957
4,14,ans_final,1.3586,18.5594,7.7247
4,14,ans_first,2.2374,20.4468,7.9913
4,14,cq,2.5850,33.5514,28.3876
4,14,ans_final,1.5211,34.0367,5.3884
4,14,ans_first,1.7977,34.6721,6.4605
4,14,cq,1.3162,38.8443,14.1373
4,14,ans_final,1.2196,39.1197,5.0831
4,14,ans_first,1.7517,40.2560,8.4416
4,14,cq,0.5784,41.4995,17.6492
4,14,ans_final,1.1367,41.7627,5.2474
4,14,ans_first,1.5028,42.2805,5.7203
4,14,cq,0.5493,43.6384,11.8580
4,14,ans_final,1.3570,44.1675,5.9991
4,14,ans_first,1.6735,45.1639,8.4410
4,14,cq,0.6856,49.0011,14.6136
4,14,ans_final,1.2102,49.5687,6.4336
4,14,ans_first,1.7317,49.9848,9.5935
4,14,cq,1.1378,53.3863,20.9080
4,14,ans_final,1.2569,54.3158,6.6408
4,14,ans_first,2.0790,55.1547,8.0220
4,14,cq,0.9277,58.2461,18.3744
4,14,ans_final,1.1709,58.7768,5.1750
4,15,ans_first,1.9840,7.8063,7.8063
4,15,cq,1.7880,22.5786,21.0611
4,15,ans_final,1.2296,23.9711,7.6172
4,15,ans_first,1.3444,24.2096,4.0449
4,15,cq,0.8312,33.7105,21.9525
4,15,ans_final,1.5403,33.9794,6.7775
4,15,ans_first,2.5870,34.8319,8.6375
4,15,cq,2.5096,43.3929,25.4829
4,15,ans_final,1.5081,44.2177,8.1215
4,15,ans_first,1.6818,44.6886,6.8668
4,15,cq,1.4433,45.4506,18.0153
4,15,ans_final,1.3174,46.1100,7.5053
4,15,ans_first,1.8555,46.6136,7.4240
4,15,cq,0.7243,49.7547,17.8067
4,15,ans_final,1.0500,50.5906,7.1342
4,15,ans_first,1.5238,51.1439,7.0062
4,15,cq,1.0332,55.2112,22.0912
4,15,ans_final,1.4209,56.0311,6.6589
4,15,ans_first,2.0490,56.3750,7.1971
4,15,cq,2.0848,63.1720,22.6143
4,15,ans_final,1.1754,63.7778,5.5743
4,15,ans_first,1.7159,64.1991,6.6247
4,15,cq,1.2987,69.4484,16.8028
4,15,ans_final,1.4915,70.2532,7.6362
4,16,ans_first,2.0701,6.8040,6.8040
4,16,cq,1.8851,19.2358,17.9417
4,16,ans_final,1.2527,19.4257,6.1127
4,16,ans_first,1.8104,20.3075,6.1059
4,16,cq,1.8610,27.7852,18.7773
4,16,ans_final,1.2171,28.5889,8.0988
4,16,ans_first,1.9577,29.3463,6.0873
4,16,cq,1.8374,32.7170,18.9155
4,16,ans_final,1.1981,32.9716,5.3574
4,16,ans_first,1.9558,33.6387,6.9006
4,16,cq,0.9445,35.7553,13.6447
4,16,ans_final,1.3822,36.1509,6.0999
4,16,ans_first,1.3756,37.0071,8.1908
4,16,cq,1.5959,43.9269,20.1103
4,16,ans_final,1.4151,44.8079,8.7212
4,16,ans_first,1.8575,45.0826,5.0561
4,16,cq,1.4870,48.5601,21.4141
4,16,ans_final,1.3618,49.3663,6.4976
4,16,ans_first,1.6250,49.8780,7.7341
4,16,cq,0.2100,49.8585,10.6700
4,16,ans_final,1.3552,50.5689,7.4475
4,16,ans_first,1.7897,51.6187,8.7900
4,16,cq,0.9933,56.0964,21.4085
4,16,ans_final,0.9425,56.5130,6.2453
4,17,ans_first,1.6020,9.5745,9.5745
4,17,cq,0.6584,25.7768,24.2660
4,17,ans_final,1.3238,26.3989,6.2660
4,17,ans_first,1.0782,28.0526,8.7187
4,17,cq,2.0432,33.2528,19.4771
4,17,ans_final,1.4299,34.0133,6.2629
4,17,ans_first,1.7262,35.7836,10.5832
4,17,cq,1.1254,38.5225,17.1253
4,17,ans_final,1.4811,39.8710,8.3555
4,17,ans_first,1.8427,39.8941,6.6122
4,17,cq,0.1228,40.6591,6.2400
4,17,ans_final,1.2246,41.5977,6.6540
4,17,ans_first,1.7474,42.3568,8.4605
4,17,cq,0.1242,44.1028,6.5248
4,17,ans_final,1.2627,45.2504,7.5476
4,17,ans_first,1.6377,45.4880,6.6355
4,17,cq,0.8640,47.5080,13.8265
4,17,ans_final,1.3988,48.0769,5.8168
4,17,ans_first,1.7559,48.0248,6.7495
4,17,cq,1.7591,51.7372,19.5907
4,17,ans_final,1.4544,52.5184,7.2332
4,17,ans_first,1.5196,53.0362,7.0347
4,17,cq,0.9545,59.9406,24.1176
4,17,ans_final,1.5774,62.2764,10.7272
4,18,ans_first,1.3259,8.7874,8.7874
4,18,cq,0.3551,16.5215,13.8741
4,18,ans_final,1.3786,17.6790,6.5224
4,18,ans_first,2.2111,19.4397,8.5378
4,18,cq,2.5461,32.2461,28.3370
4,18,ans_final,1.2242,32.3797,5.2739
4,18,ans_first,1.3808,33.0328,7.0757
4,18,cq,0.1608,33.2972,6.7976
4,18,ans_final,1.1428,34.1571,7.7565
4,18,ans_first,1.8096,34.6026,5.7906
4,18,cq,1.8237,40.4521,21.4975
4,18,ans_final,1.2359,40.8850,6.1305
4,18,ans_first,1.7433,41.0935,6.4388
4,18,cq,0.8813,44.6426,20.9651
4,18,ans_final,1.5288,45.2425,6.7188
4,18,ans_first,1.3828,45.9935,7.5519
4,18,cq,1.5065,49.7121,20.0314
4,18,ans_final,1.1782,50.1474,5.7234
4,18,ans_first,1.4031,50.5187,7.5286
4,18,cq,0.3643,55.4650,15.0414
4,18,ans_final,1.2694,55.9318,4.9432
4,18,ans_first,1.8793,56.4063,5.6575
4,18,cq,1.5678,59.9049,18.2045
4,18,ans_final,1.5113,60.7304,8.0243
4,19,ans_first,1.5149,6.5397,6.5397
4,19,cq,0.5659,20.1351,18.9947
4,19,ans_final,1.2080,20.8941,5.1452
4,19,ans_first,1.0509,21.3872,5.2754
4,19,cq,0.8120,27.1665,15.4589
4,19,ans_final,1.2530,28.6265,7.1995
4,19,ans_first,1.3844,29.2136,7.3137
4,19,cq,1.8890,36.4957,19.3365
4,19,ans_final,1.2404,36.9157,5.2709
4,19,ans_first,1.9923,37.2068,6.9673
4,19,cq,1.5465,40.5705,15.7079
4,19,ans_final,1.3212,41.3970,6.0764
4,19,ans_first,1.5378,42.0046,7.2010
4,19,cq,0.6866,49.5484,18.0653
4,19,ans_final,1.4220,49.7103,6.5910
4,19,ans_first,1.7125,50.3073,6.2206
4,19,cq,0.8281,53.9426,12.7241
4,19,ans_final,1.3514,54.1709,6.6408
4,19,ans_first,1.9909,54.9160,7.7147
4,19,cq,0.8075,56.6088,12.1834
4,19,ans_final,1.5349,56.9602,5.4255
4,19,ans_first,2.3953,57.7820,7.2865
4,19,cq,0.8053,59.5572,12.4023
4,19,ans_final,1.2689,60.4219,5.7201
4,20,ans_first,1.9111,6.1817,6.1817
4,20,cq,0.6205,12.3673,9.9728
4,20,ans_final,1.2489,13.1240,5.2606
4,20,ans_first,1.7270,14.7923,6.8678
4,20,cq,1.2337,27.1788,22.1311
4,20,ans_final,1.2548,27.6719,4.7213
4,20,ans_first,1.8443,28.4442,6.7785
4,20,cq,2.0954,39.6367,26.3401
4,20,ans_final,1.6513,40.0419,5.8135
4,20,ans_first,1.7555,41.2490,8.1710
4,20,cq,1.5537,45.6023,13.8927
4,20,ans_final,1.4234,45.7550,4.8918
4,20,ans_first,1.7226,47.4746,8.4637
4,20,cq,2.0254,54.4038,22.5329
4,20,ans_final,1.2460,54.7394,5.7231
4,20,ans_first,1.9940,55.5110,6.7474
4,20,cq,0.9260,57.6178,15.9276
4,20,ans_final,1.2441,57.8365,5.2572
4,20,ans_first,1.5821,58.4655,5.9631
4,20,cq,0.1230,59.2334,5.0644
4,20,ans_final,1.2296,59.7319,5.1615
4,20,ans_first,1.6075,59.9927,5.6815
4,20,cq,1.4934,60.4147,17.5167
4,20,ans_final,1.4699,60.6647,6.8184
4,21,ans_first,1.7008,7.2303,7.2303
4,21,cq,0.1995,11.7333,9.5102
4,21,ans_final,1.3942,13.8202,8.0317
4,21,ans_first,2.1126,16.5984,9.0636
4,21,cq,1.4864,22.6166,16.3513
4,21,ans_final,1.4824,24.8665,10.3061
4,21,ans_first,2.0464,25.7552,7.0103
4,21,cq,1.4182,28.5468,13.2901
4,21,ans_final,1.6086,29.7142,6.6828
4,21,ans_first,1.5964,30.3180,7.0650
4,21,cq,0.4989,34.0956,15.4322
4,21,ans_final,1.0901,34.4309,5.5412
4,21,ans_first,1.8938,35.4142,8.3532
4,21,cq,1.5152,45.3630,24.7180
4,21,ans_final,1.1717,46.4456,7.5473
4,21,ans_first,1.2967,47.0666,8.6217
4,21,cq,1.2578,52.2577,26.3190
4,21,ans_final,1.0333,52.8677,5.2332
4,21,ans_first,1.3483,53.0504,6.9275
4,21,cq,1.5875,55.7117,19.9329
4,21,ans_final,1.3987,56.3464,7.6440
4,21,ans_first,1.4526,56.4651,6.7220
4,21,cq,1.3573,60.3056,28.7528
4,21,ans_final,0.9972,60.7293,5.3693
4,22,ans_first,2.0437,10.6858,10.6858
4,22,cq,2.3264,24.6991,22.8516
4,22,ans_final,1.2469,25.2249,5.5962
4,22,ans_first,2.0094,27.0048,8.8435
4,22,cq,1.6572,31.7139,23.5412
4,22,ans_final,1.5213,32.1491,6.2490
4,22,ans_first,2.1912,32.9707,7.7017
4,22,cq,1.4467,36.0734,18.0917
4,22,ans_final,1.4604,36.4430,5.3153
4,22,ans_first,1.9792,36.7758,6.2216
4,22,cq,1.6749,42.7710,21.3164
4,22,ans_final,1.3917,43.5033,7.3027
4,22,ans_first,2.2036,43.6819,7.5581
4,22,cq,1.3223,48.3099,18.1882
4,22,ans_final,1.5870,49.2308,7.4272
4,22,ans_first,2.3105,50.3852,9.4752
4,22,cq,1.8968,55.0997,19.1316
4,22,ans_final,1.2322,55.3502,4.8846
4,22,ans_first,2.3359,55.4754,6.9701
4,22,cq,1.3293,58.5396,15.4921
4,22,ans_final,1.4338,59.3499,8.4974
4,22,ans_first,1.4376,59.2919,5.6631
4,22,cq,0.9612,61.5634,18.5367
4,22,ans_final,1.3618,62.0093,5.8402
4,23,ans_first,1.9009,6.3037,6.3037
4,23,cq,1.0555,18.4308,17.5641
4,23,ans_final,1.6061,19.9216,8.1751
4,23,ans_first,2.0955,22.9218,12.2902
4,23,cq,1.7999,34.1059,24.0805
4,23,ans_final,1.1510,35.1807,6.7653
4,23,ans_first,2.1152,35.8086,7.5219
4,23,cq,1.7004,38.0068,15.6316
4,23,ans_final,1.4819,38.5665,7.1530
4,23,ans_first,2.0831,38.7662,6.0125
4,23,cq,1.5612,45.4600,23.4172
4,23,ans_final,1.3673,46.1282,5.3908
4,23,ans_first,1.6367,47.0400,9.0389
4,23,cq,0.8505,50.1520,18.2390
4,23,ans_final,1.0575,50.8986,5.4912
4,23,ans_first,1.6693,50.9387,5.6939
4,23,cq,1.1613,51.9566,14.6041
4,23,ans_final,1.1977,52.5462,6.3337
4,23,ans_first,2.1055,53.2327,9.3758
4,23,cq,1.9514,56.7133,20.2515
4,23,ans_final,1.4053,56.9647,6.1365
4,23,ans_first,1.9750,57.4586,7.3130
4,23,cq,1.6456,62.2902,16.7702
4,23,ans_final,1.3483,63.5881,7.9641
4,24,ans_first,1.8250,8.0310,8.0310
4,24,cq,1.4040,17.2998,15.6313
4,24,ans_final,1.5741,18.5341,6.1240
4,24,ans_first,1.4367,20.6249,9.1521
4,24,cq,1.6071,30.1632,25.4766
4,24,ans_final,1.3440,31.1553,8.5476
4,24,ans_first,2.1735,32.5783,10.7926
4,24,cq,1.2791,38.5466,20.1117
4,24,ans_final,1.3567,39.2508,7.0454
4,24,ans_first,1.7234,39.6597,7.0257
4,24,cq,1.3227,42.0203,15.4836
4,24,ans_final,0.9546,42.5792,5.9420
4,24,ans_first,2.3034,43.8461,10.1546
4,24,cq,1.5956,51.7044,23.0865
4,24,ans_final,1.1346,51.8939,6.5354
4,24,ans_first,2.4339,52.2938,6.9687
4,24,cq,1.8520,65.3072,32.6900
4,24,ans_final,1.2640,65.6512,5.8726
4,24,ans_first,1.8299,66.2347,9.1006
4,24,cq,1.5200,63.9192,24.2233
4,24,ans_final,1.5095,64.6761,8.7735
4,24,ans_first,1.5385,64.7172,6.8487
4,24,cq,1.8950,70.6653,25.2553
4,24,ans_final,1.2621,70.7579,5.4151
4,25,ans_first,1.4723,9.5995,9.5995
4,25,cq,1.2730,22.7681,20.8716
4,25,ans_final,1.3126,23.8801,7.5747
4,25,ans_first,1.1657,24.4238,4.8797
4,25,cq,1.4875,29.4173,17.9612
4,25,ans_final,1.3535,29.9463,5.4364
4,25,ans_first,2.0056,31.5208,10.7165
4,25,cq,2.9428,39.8118,24.4963
4,25,ans_final,1.0961,40.4707,5.9462
4,25,ans_first,1.8208,40.8139,6.7577
4,25,cq,1.5448,43.3795,20.8406
4,25,ans_final,1.4437,43.4581,5.1475
4,25,ans_first,1.9789,43.8743,6.0991
4,25,cq,0.8762,44.8153,12.0184
4,25,ans_final,1.2566,45.2737,7.4357
4,25,ans_first,2.1771,45.8292,9.0441
4,25,cq,0.9320,48.6889,17.9619
4,25,ans_final,1.2432,49.3802,6.1054
4,25,ans_first,2.6976,49.7735,6.8751
4,25,cq,1.2116,52.6770,16.9903
4,25,ans_final,1.2108,53.2641,7.2661
4,25,ans_first,2.1676,53.9315,9.1067
4,25,cq,2.9026,56.7468,21.8063
4,25,ans_final,1.1544,57.0793,5.7565
4,26,ans_first,2.6782,8.9883,8.9883
4,26,cq,1.9201,25.4149,23.7669
4,26,ans_final,1.4285,26.2411,6.7166
4,26,ans_first,1.4780,26.5516,4.1642
4,26,cq,1.0270,32.0924,16.7872
4,26,ans_final,1.2199,32.7142,6.4959
4,26,ans_first,1.9512,33.4896,8.4141
4,26,cq,2.2807,37.7669,18.2040
4,26,ans_final,1.2221,38.0317,5.5536
4,26,ans_first,1.5245,38.5455,6.9602
4,26,cq,1.4343,42.5809,14.6417
4,26,ans_final,1.2547,43.3771,9.1551
4,26,ans_first,1.4277,43.6611,5.8130
4,26,cq,0.5790,50.7403,22.4810
4,26,ans_final,1.6296,51.0992,7.0262
4,26,ans_first,1.6962,78.1307,55.2247
4,26,cq,1.7004,76.2821,29.8369
4,26,ans_final,1.4648,77.3777,9.0056
4,26,ans_first,1.8527,77.7865,10.1801
4,26,cq,1.1749,79.8642,20.7171
4,26,ans_final,1.3102,80.2602,7.3834
4,26,ans_first,2.2822,80.0966,7.8129
4,26,cq,2.1027,82.5575,22.4040
4,26,ans_final,1.6723,84.5353,13.2958
4,27,ans_first,1.9595,7.3129,7.3129
4,27,cq,1.5523,22.1199,20.8343
4,27,ans_final,1.2993,22.4268,5.5844
4,27,ans_first,1.8170,25.1879,11.6910
4,27,cq,1.0047,28.3021,13.7440
4,27,ans_final,1.2522,29.3869,6.5216
4,27,ans_first,1.2319,29.7674,5.0461
4,27,cq,1.3690,35.2116,18.6457
4,27,ans_final,1.2343,35.4734,6.0725
4,27,ans_first,2.1987,37.7573,10.9300
4,27,cq,1.3411,41.2197,18.0905
4,27,ans_final,1.4581,41.3918,4.7254
4,27,ans_first,1.6158,41.8560,5.5795
4,27,cq,0.5346,45.2074,13.5119
4,27,ans_final,1.3043,45.4392,5.0663
4,27,ans_first,2.2428,45.6390,8.1530
4,27,cq,1.3214,49.1352,14.4802
4,27,ans_final,1.4713,49.7295,7.7781
4,27,ans_first,1.9107,50.8122,7.2012
4,27,cq,1.6139,52.6466,21.3892
4,27,ans_final,1.4707,52.7236,7.5483
4,27,ans_first,1.8340,53.9196,9.5552
4,27,cq,1.2789,56.0139,16.9919
4,27,ans_final,1.4093,56.4142,7.9837
4,28,ans_first,1.2271,4.8411,4.8411
4,28,cq,1.2690,15.5159,14.7499
4,28,ans_final,1.3813,16.5574,6.0362
4,28,ans_first,2.0742,17.5514,5.7438
4,28,cq,1.6835,25.1952,19.0264
4,28,ans_final,1.1719,25.5500,5.3837
4,28,ans_first,1.4921,26.3165,5.7864
4,28,cq,2.0331,36.0323,24.9543
4,28,ans_final,1.2937,37.1500,8.6043
4,28,ans_first,2.0160,38.2599,12.4812
4,28,cq,1.8025,46.5722,30.2454
4,28,ans_final,1.2113,47.3717,8.1868
4,28,ans_first,1.8777,47.8410,6.6315
4,28,cq,2.7708,59.9729,28.4673
4,28,ans_final,1.1909,60.2789,4.6751
4,28,ans_first,2.1903,60.7939,7.9821
4,28,cq,1.3585,65.7983,25.1636
4,28,ans_final,1.4642,66.5061,9.5733
4,28,ans_first,1.3210,66.3942,8.1695
4,28,cq,1.6233,71.6562,23.2533
4,28,ans_final,1.3320,72.1085,5.0797
4,28,ans_first,1.1916,72.3839,8.4005
4,28,cq,1.9770,88.6803,39.8460
4,28,ans_final,1.2303,89.4347,10.8099
4,29,ans_first,2.0908,6.5286,6.5286
4,29,cq,0.9447,20.5982,19.6010
4,29,ans_final,1.0579,21.6887,6.0300
4,29,ans_first,2.1768,22.6201,6.8059
4,29,cq,1.1136,27.2232,14.6341
4,29,ans_final,1.4036,27.8863,4.9764
4,29,ans_first,2.1938,29.6219,9.3405
4,29,cq,1.0943,36.0197,19.1338
4,29,ans_final,1.3629,36.4573,5.9416
4,29,ans_first,1.7687,37.2814,6.2801
4,29,cq,1.2749,39.6235,16.7813
4,29,ans_final,1.4362,41.0038,8.4900
4,29,ans_first,2.0075,42.0066,8.9924
4,29,cq,1.2621,53.3680,27.2410
4,29,ans_final,1.3278,54.6781,8.2901
4,29,ans_first,1.9733,55.0564,6.9583
4,29,cq,1.9179,62.8109,23.5119
4,29,ans_final,1.3309,62.7578,7.4927
4,29,ans_first,1.5181,64.7139,14.7911
4,29,cq,1.3470,74.2804,18.6612
4,29,ans_final,1.2010,73.8481,8.7999
4,29,ans_first,1.9883,74.4575,7.2227
4,29,cq,1.3762,77.9460,17.3844
4,29,ans_final,1.6129,78.1485,5.9322
4,30,ans_first,2.0111,9.1996,9.1996
4,30,cq,0.8720,21.6187,20.3379
4,30,ans_final,1.1377,22.3913,5.6731
4,30,ans_first,1.9151,23.4845,7.3265
4,30,cq,1.1703,28.3284,15.5626
4,30,ans_final,1.3790,29.1626,6.0083
4,30,ans_first,1.4422,29.4154,4.5332
4,30,cq,0.9604,30.8885,14.3276
4,30,ans_final,1.4310,31.1431,6.1557
4,30,ans_first,1.8563,32.0358,8.1036
4,30,cq,1.5909,43.7101,33.0771
4,30,ans_final,1.2258,43.9927,5.6829
4,30,ans_first,1.7219,44.2831,7.1140
4,30,cq,1.1710,45.9023,18.8616
4,30,ans_final,1.3482,46.2824,6.1736
4,30,ans_first,2.1209,46.2303,6.8264
4,30,cq,0.7795,49.8873,15.1427
4,30,ans_final,1.2346,50.6783,6.5944
4,30,ans_first,1.2462,51.1095,5.9426
4,30,cq,1.2166,53.0229,21.4535
4,30,ans_final,1.3465,53.3832,7.9522
4,30,ans_first,1.8507,53.6040,6.6527
4,30,cq,1.3138,58.4220,18.7690
4,30,ans_final,1.0511,58.7152,5.6081
4,31,ans_first,2.2386,6.7751,6.7751
4,31,cq,1.3760,14.6974,13.0452
4,31,ans_final,1.4516,14.9550,3.8123
4,31,ans_first,1.5617,16.0362,6.2385
4,31,cq,1.0849,21.3336,14.8421
4,31,ans_final,1.2226,22.1149,5.6522
4,31,ans_first,1.5280,22.7981,5.0278
4,31,cq,1.1036,26.9778,14.7416
4,31,ans_final,1.4072,27.5258,6.3529
4,31,ans_first,1.0372,28.5778,7.6759
4,31,cq,0.4483,32.3216,14.8066
4,31,ans_final,1.4582,32.8948,6.2858
4,31,ans_first,1.5753,33.5401,6.0994
4,31,cq,2.2536,39.3203,23.9171
4,31,ans_final,1.3278,39.8819,7.1651
4,31,ans_first,1.7151,41.1082,9.2966
4,31,cq,1.3431,46.3018,18.0724
4,31,ans_final,1.3047,46.8850,5.5571
4,31,ans_first,1.5112,47.7810,9.0750
4,31,cq,2.0165,53.5516,26.2326
4,31,ans_final,1.2881,53.8644,6.9551
4,31,ans_first,1.9461,53.9590,4.3140
4,31,cq,0.9331,55.6778,14.6482
4,31,ans_final,1.3306,56.2901,6.0580
4,32,ans_first,2.0665,6.4575,6.4575
4,32,cq,1.9639,19.8552,18.5479
4,32,ans_final,1.3109,20.1090,3.9829
4,32,ans_first,1.7094,20.5915,4.8247
4,32,cq,1.1166,26.9744,18.4045
4,32,ans_final,1.4100,28.3606,8.9356
4,32,ans_first,1.6657,28.8546,6.2562
4,32,cq,1.0443,39.6763,25.6745
4,32,ans_final,1.2768,40.9262,7.8000
4,32,ans_first,1.3822,41.9253,8.8604
4,32,cq,1.1317,50.8873,25.8578
4,32,ans_final,1.2615,52.3952,7.1629
4,32,ans_first,1.9708,52.5631,6.9193
4,32,cq,1.0848,56.4759,14.2200
4,32,ans_final,1.2593,56.4652,3.8748
4,32,ans_first,1.6883,56.5672,5.2151
4,32,cq,1.2951,61.8582,23.3597
4,32,ans_final,1.1445,62.1157,5.0426
4,32,ans_first,1.2743,62.2686,5.7152
4,32,cq,1.0929,65.8931,21.1257
4,32,ans_final,1.0226,66.1513,4.9038
4,32,ans_first,1.4692,66.9593,9.1393
4,32,cq,2.2558,74.9216,30.1656
4,32,ans_final,1.3689,75.1570,7.4476
4,33,ans_first,1.6640,7.3496,7.3496
4,33,cq,0.1941,11.2640,8.7523
4,33,ans_final,1.3936,12.7298,6.4577
4,33,ans_first,1.4185,14.3828,6.7360
4,33,cq,1.5506,20.8358,15.8905
4,33,ans_final,1.3305,21.2147,5.3172
4,33,ans_first,1.3820,22.3280,7.6320
4,33,cq,1.1105,28.6731,19.9302
4,33,ans_final,1.6031,31.1305,11.4590
4,33,ans_first,1.1512,31.7284,6.8045
4,33,cq,0.1684,33.5714,8.4891
4,33,ans_final,1.0971,34.0444,4.9102
4,33,ans_first,1.2091,35.1923,7.5707
4,33,cq,1.7299,37.2661,19.9050
4,33,ans_final,1.3272,38.2482,7.7380
4,33,ans_first,1.9318,40.1098,11.5318
4,33,cq,1.7684,47.7906,26.6467
4,33,ans_final,1.4488,48.5940,7.6921
4,33,ans_first,2.3959,49.0087,7.2064
4,33,cq,2.1912,58.6831,31.1464
4,33,ans_final,1.4216,59.5004,7.2057
4,33,ans_first,1.8133,59.6404,5.3828
4,33,cq,0.8867,61.8640,14.7576
4,33,ans_final,1.3274,62.5156,6.7797
4,34,ans_first,1.7960,8.5254,8.5254
4,34,cq,1.3660,22.1881,20.1886
4,34,ans_final,1.1345,22.6989,5.3259
4,34,ans_first,1.9824,25.1749,11.9613
4,34,cq,1.1400,33.1416,23.8668
4,34,ans_final,1.5463,34.4622,8.5384
4,34,ans_first,1.2919,34.7296,5.5669
4,34,cq,1.4137,36.9576,14.8743
4,34,ans_final,1.5657,37.6916,7.8068
4,34,ans_first,2.0595,38.3179,6.8035
4,34,cq,1.4735,45.1077,20.5622
4,34,ans_final,1.4849,45.3117,6.0694
4,34,ans_first,2.3079,46.2869,10.3820
4,34,cq,1.7307,51.3591,21.7005
4,34,ans_final,1.4749,53.4593,11.7991
4,34,ans_first,2.7059,54.6813,14.2041
4,34,cq,1.4817,59.8385,23.9335
4,34,ans_final,1.4018,60.6544,8.5189
4,34,ans_first,1.8829,60.9130,7.5153
4,34,cq,0.6577,63.5758,13.7497
4,34,ans_final,1.2310,63.7880,6.0338
4,34,ans_first,1.5871,64.1342,7.2412
4,34,cq,0.8927,62.9548,21.4551
4,34,ans_final,1.2372,63.2812,5.5443
4,35,ans_first,2.1469,6.4719,6.4719
4,35,cq,2.0482,16.9534,15.7349
4,35,ans_final,1.3544,17.4377,4.8221
4,35,ans_first,1.6433,19.9735,9.5146
4,35,cq,0.8159,31.8335,25.8066
4,35,ans_final,1.3662,32.7733,9.1189
4,35,ans_first,1.3045,33.3992,6.5433
4,35,cq,0.5858,34.9051,12.8531
4,35,ans_final,1.1645,36.1303,8.1656
4,35,ans_first,1.9530,36.4888,6.8465
4,35,cq,1.1258,43.3563,21.2653
4,35,ans_final,1.2152,43.9717,6.1159
4,35,ans_first,1.5624,44.0981,5.6997
4,35,cq,1.0045,47.0283,13.4004
4,35,ans_final,1.2787,47.8832,6.2864
4,35,ans_first,1.6431,47.8663,7.0607
4,35,cq,1.2187,48.9270,19.6222
4,35,ans_final,1.2225,49.3281,4.9223
4,35,ans_first,1.4747,49.7066,5.3208
4,35,cq,1.5166,54.8863,17.9205
4,35,ans_final,1.2777,55.4835,5.9452
4,35,ans_first,1.4405,55.8959,6.4548
4,35,cq,0.7652,59.2620,15.5808
4,35,ans_final,1.2137,59.6150,4.7488
4,36,ans_first,1.7489,7.7464,7.7464
4,36,cq,1.6522,23.6147,22.1666
4,36,ans_final,1.5150,24.2170,7.3641
4,36,ans_first,1.9288,25.4700,7.2497
4,36,cq,1.0593,29.2664,15.5347
4,36,ans_final,1.5379,30.6256,8.2184
4,36,ans_first,2.0124,31.4363,7.7160
4,36,cq,0.7969,33.1309,16.5675
4,36,ans_final,1.2746,33.6774,5.5307
4,36,ans_first,1.8927,34.5818,8.0078
4,36,cq,1.5063,40.3587,18.0690
4,36,ans_final,1.0928,40.7641,5.2050
4,36,ans_first,1.8497,41.4770,7.5991
4,36,cq,1.5413,45.3424,17.0021
4,36,ans_final,1.0847,45.4388,5.5701
4,36,ans_first,2.0087,46.4638,8.3409
4,36,cq,0.3475,50.2022,14.8689
4,36,ans_final,1.2910,50.3626,6.7842
4,36,ans_first,1.8819,50.8260,4.8386
4,36,cq,1.0291,53.0575,10.7350
4,36,ans_final,1.7496,53.1628,8.1781
4,36,ans_first,1.8973,54.2309,8.0095
4,36,cq,1.1938,60.9055,21.0242
4,36,ans_final,1.3532,61.0345,7.7064
4,37,ans_first,1.8220,7.7958,7.7958
4,37,cq,1.1799,17.0345,15.1054
4,37,ans_final,1.1808,17.1739,3.9188
4,37,ans_first,1.2347,18.1982,6.8431
4,37,cq,0.7901,21.1690,12.8700
4,37,ans_final,1.3983,21.9306,7.2646
4,37,ans_first,1.2269,22.8601,6.0616
4,37,cq,1.4023,29.5827,16.5515
4,37,ans_final,1.4011,30.2282,6.7092
4,37,ans_first,2.3087,31.1608,6.4490
4,37,cq,0.7978,37.5557,21.6825
4,37,ans_final,1.4075,38.4291,6.8944
4,37,ans_first,1.8972,38.8601,7.4697
4,37,cq,0.5948,42.3999,14.5184
4,37,ans_final,1.1324,43.2328,6.7027
4,37,ans_first,2.2915,43.9817,9.2061
4,37,cq,1.4633,55.1953,31.8476
4,37,ans_final,1.4629,56.2914,8.3388
4,37,ans_first,1.8182,56.1051,5.6144
4,37,cq,1.3372,56.8057,13.7492
4,37,ans_final,1.3063,57.4444,6.6792
4,37,ans_first,1.7653,57.9164,7.3308
4,37,cq,1.6566,69.6652,31.9592
4,37,ans_final,1.3566,70.5003,7.4838
4,38,ans_first,1.8332,10.1365,10.1365
4,38,cq,2.8043,34.1798,32.8519
4,38,ans_final,1.2708,34.4339,5.9151
4,38,ans_first,1.8107,35.2010,7.2987
4,38,cq,3.1065,50.3652,25.1946
4,38,ans_final,1.4253,50.4433,5.4644
4,38,ans_first,1.9283,51.5425,9.4041
4,38,cq,1.2577,53.1255,14.9873
4,38,ans_final,1.3446,52.9703,4.7431
4,38,ans_first,1.6783,53.7487,6.1221
4,38,cq,1.5574,56.0957,16.0074
4,38,ans_final,1.1503,56.4035,5.4329
4,38,ans_first,1.9828,56.8586,6.3702
4,38,cq,1.5310,58.7860,16.7134
4,38,ans_final,1.2181,58.8259,6.5925
4,38,ans_first,2.6512,59.4419,7.4311
4,38,cq,2.4639,64.4308,20.4912
4,38,ans_final,1.4787,64.5749,6.8741
4,38,ans_first,2.2614,64.9848,5.7604
4,38,cq,1.5702,67.4726,20.7709
4,38,ans_final,1.3059,67.8627,6.9809
4,38,ans_first,1.4164,68.2421,7.7644
4,38,cq,1.9776,82.8555,36.3187
4,38,ans_final,1.2374,83.2115,6.8841
4,39,ans_first,1.2765,4.6232,4.6232
4,39,cq,0.4509,13.2589,12.3680
4,39,ans_final,1.4186,16.0975,7.9779
4,39,ans_first,1.6167,17.3138,6.6352
4,39,cq,1.9787,26.4070,21.4272
4,39,ans_final,1.3608,27.1026,6.4279
4,39,ans_first,1.8427,27.7516,5.9046
4,39,cq,0.8470,38.5853,24.0757
4,39,ans_final,1.2315,38.9695,5.6700
4,39,ans_first,1.9713,40.3102,9.5944
4,39,cq,2.5322,44.9407,25.6921
4,39,ans_final,1.4024,45.3857,6.4580
4,39,ans_first,1.9744,46.1658,7.8382
4,39,cq,1.0448,47.1135,16.7266
4,39,ans_final,1.4480,47.6545,6.9341
4,39,ans_first,1.9138,47.8708,5.4857
4,39,cq,1.2415,51.5010,18.9085
4,39,ans_final,1.4062,51.9443,5.2845
4,39,ans_first,2.5274,52.9565,9.9599
4,39,cq,2.0197,58.0723,19.9309
4,39,ans_final,1.1186,58.4936,4.9367
4,39,ans_first,1.6637,59.1163,6.2241
4,39,cq,0.6897,60.2504,13.9886
4,39,ans_final,1.1625,60.5537,6.0154
4,40,ans_first,1.6477,6.9078,6.9078
4,40,cq,1.4803,17.7892,16.2150
4,40,ans_final,1.4241,18.7278,6.4839
4,40,ans_first,1.5956,19.8330,6.5401
4,40,cq,1.2044,27.8153,20.2036
4,40,ans_final,1.4122,29.3940,7.6971
4,40,ans_first,2.6605,30.7822,9.1675
4,40,cq,1.7925,37.1876,22.2157
4,40,ans_final,1.4550,37.7535,6.4048
4,40,ans_first,1.9112,38.3533,6.8350
4,40,cq,1.2389,46.9611,23.7784
4,40,ans_final,1.3981,47.6188,7.3776
4,40,ans_first,1.6611,47.8285,7.0828
4,40,cq,2.2227,55.6186,23.1108
4,40,ans_final,1.2573,55.9216,4.7249
4,40,ans_first,1.6897,56.4713,5.7092
4,40,cq,0.5063,56.2475,15.9412
4,40,ans_final,1.2406,56.6312,4.7391
4,40,ans_first,1.6682,57.0201,6.5681
4,40,cq,1.3565,62.8685,25.7253
4,40,ans_final,1.4127,63.4321,8.8587
4,40,ans_first,1.8881,63.7476,6.7273
4,40,cq,1.1830,64.7230,16.2360
4,40,ans_final,1.4027,65.6642,9.8209
4,41,ans_first,1.3657,5.1051,5.1051
4,41,cq,1.3708,18.8776,18.3122
4,41,ans_final,1.5042,20.2152,7.5221
4,41,ans_first,2.0367,21.0118,5.5967
4,41,cq,1.8594,29.2687,18.9768
4,41,ans_final,1.3142,30.7453,8.9545
4,41,ans_first,1.9197,31.9855,9.4215
4,41,cq,0.2760,33.6632,13.6212
4,41,ans_final,1.2865,34.3357,4.9873
4,41,ans_first,1.8742,34.8609,6.1687
4,41,cq,1.4165,39.7884,22.7843
4,41,ans_final,1.2705,40.1070,6.8854
4,41,ans_first,2.5070,40.8571,7.3747
4,41,cq,1.2682,46.4818,16.6164
4,41,ans_final,1.1916,46.9939,6.1207
4,41,ans_first,1.6649,47.6587,8.2361
4,41,cq,1.3065,56.6003,20.4489
4,41,ans_final,1.2265,57.0755,8.0170
4,41,ans_first,1.4171,57.1672,7.3143
4,41,cq,2.1226,59.3178,22.5302
4,41,ans_final,1.5513,59.4633,4.6939
4,41,ans_first,1.6443,59.7715,6.1881
4,41,cq,0.4309,60.8424,10.1800
4,41,ans_final,1.1770,61.5944,5.7724
4,42,ans_first,1.8018,7.2064,7.2064
4,42,cq,0.9520,20.5239,18.9042
4,42,ans_final,1.5111,20.8818,5.3075
4,42,ans_first,1.8479,21.7512,6.8584
4,42,cq,1.3042,31.4383,21.6943
4,42,ans_final,1.2609,32.3584,7.1412
4,42,ans_first,1.0491,32.9439,8.5018
4,42,cq,2.0031,43.0931,24.2592
4,42,ans_final,1.1637,43.3884,6.3699
4,42,ans_first,2.4703,44.2576,7.7875
4,42,cq,1.2492,47.6721,15.8735
4,42,ans_final,1.2177,48.0826,7.1981
4,42,ans_first,1.4416,48.6497,10.2304
4,42,cq,1.5757,53.5297,22.6787
4,42,ans_final,1.0956,54.0105,5.4550
4,42,ans_first,2.0627,54.8522,7.1727
4,42,cq,0.9816,58.3143,18.7964
4,42,ans_final,1.5527,58.9813,6.5333
4,42,ans_first,1.3598,59.1199,5.4336
4,42,cq,0.9939,66.6829,18.4427
4,42,ans_final,1.2757,66.7738,6.9711
4,42,ans_first,1.2569,67.3247,8.5846
4,42,cq,0.6732,74.5686,17.4965
4,42,ans_final,1.4474,74.9722,5.8755
4,43,ans_first,1.5829,6.1922,6.1922
4,43,cq,1.7271,16.3906,15.0254
4,43,ans_final,1.2933,18.0396,7.2043
4,43,ans_first,0.9874,19.3698,6.9850
4,43,cq,0.5106,27.5928,22.0999
4,43,ans_final,1.3845,28.7080,8.1066
4,43,ans_first,1.8416,28.9516,5.7560
4,43,cq,0.3831,29.8269,7.7741
4,43,ans_final,1.1318,30.4701,5.6067
4,43,ans_first,2.3715,32.1302,9.7442
4,43,cq,1.1959,35.9431,16.9756
4,43,ans_final,1.1563,36.4662,6.0860
4,43,ans_first,2.0699,36.9838,9.8024
4,43,cq,0.9055,41.7054,17.4245
4,43,ans_final,1.5944,42.8708,7.1632
4,43,ans_first,1.9283,43.4261,6.7103
4,43,cq,1.2865,45.1399,14.8101
4,43,ans_final,1.2818,45.6408,5.6195
4,43,ans_first,1.8054,46.5410,8.4039
4,43,cq,1.2387,49.9834,16.2348
4,43,ans_final,1.4907,50.9931,7.3953
4,43,ans_first,1.8186,51.6258,7.2727
4,43,cq,2.5026,55.0181,21.9769
4,43,ans_final,1.0929,55.2173,5.0558
4,44,ans_first,2.1182,12.2414,12.2414
4,44,cq,2.2034,28.0065,26.0083
4,44,ans_final,1.3122,28.4883,5.9735
4,44,ans_first,1.7299,29.1037,6.3793
4,44,cq,2.3365,38.1163,23.8775
4,44,ans_final,1.3440,38.4918,6.1153
4,44,ans_first,2.0464,38.7417,6.7110
4,44,cq,0.8392,39.2667,14.9536
4,44,ans_final,1.2315,39.5916,3.8896
4,44,ans_first,1.6817,40.3595,7.1619
4,44,cq,1.0175,43.4897,14.3445
4,44,ans_final,1.2616,43.7854,5.2911
4,44,ans_first,1.8892,44.1496,7.5016
4,44,cq,1.4712,45.6019,17.7106
4,44,ans_final,1.4175,46.2098,6.4498
4,44,ans_first,1.5984,47.8477,11.1568
4,44,cq,0.9216,51.6167,26.2056
4,44,ans_final,1.1982,52.9873,9.8858
4,44,ans_first,2.5634,53.8378,9.4645
4,44,cq,1.7544,57.7093,21.5284
4,44,ans_final,1.2159,58.4300,6.3085
4,44,ans_first,1.7302,59.1509,7.1116
4,44,cq,1.8018,61.9261,19.4028
4,44,ans_final,1.4222,62.3882,5.5012
4,45,ans_first,1.7745,7.5403,7.5403
4,45,cq,0.8848,17.9940,16.0096
4,45,ans_final,1.4458,19.4705,8.2381
4,45,ans_first,1.9433,20.7498,8.8850
4,45,cq,1.5152,31.7777,22.6635
4,45,ans_final,1.2406,32.4914,5.6436
4,45,ans_first,2.4118,33.3707,6.4048
4,45,cq,2.5955,38.6302,16.6785
4,45,ans_final,1.3795,39.6615,8.1079
4,45,ans_first,1.8582,40.0504,4.6583
4,45,cq,1.8906,47.7932,20.5766
4,45,ans_final,1.3046,47.6979,7.7963
4,45,ans_first,1.9550,48.5112,7.4865
4,45,cq,2.9463,56.5590,24.9919
4,45,ans_final,1.4194,56.7567,5.1576
4,45,ans_first,1.6044,57.3782,6.3864
4,45,cq,0.1223,58.7905,7.5375
4,45,ans_final,1.1290,59.0852,7.6838
4,45,ans_first,1.9016,59.9279,6.7789
4,45,cq,1.5364,60.6573,25.5134
4,45,ans_final,1.3162,60.9180,5.8503
4,45,ans_first,1.3579,61.4137,6.4799
4,45,cq,1.4340,65.6885,17.9035
4,45,ans_final,1.2156,65.6749,4.9793
4,46,ans_first,1.5981,8.6163,8.6163
4,46,cq,1.7285,29.3788,28.1053
4,46,ans_final,1.1071,30.0324,5.6467
4,46,ans_first,1.5600,31.5783,9.0715
4,46,cq,1.1178,33.6451,13.4278
4,46,ans_final,1.3055,34.0404,6.7189
4,46,ans_first,1.9624,34.6558,7.0783
4,46,cq,1.3217,38.6098,19.1625
4,46,ans_final,1.3339,39.1112,5.6088
4,46,ans_first,1.9291,40.2573,8.0381
4,46,cq,0.7911,43.2613,17.8480
4,46,ans_final,1.2702,44.3108,8.4406
4,46,ans_first,1.4667,44.7261,5.2929
4,46,cq,1.6136,49.2570,21.8131
4,46,ans_final,1.3664,50.4224,8.1713
4,46,ans_first,1.8485,51.1699,10.3571
4,46,cq,1.1933,57.0835,27.0538
4,46,ans_final,1.1117,57.5962,5.1927
4,46,ans_first,2.1897,57.6027,7.0862
4,46,cq,1.0867,62.7797,24.4821
4,46,ans_final,1.1784,63.2444,6.1578
4,46,ans_first,1.7544,63.5637,6.3605
4,46,cq,2.2116,69.2151,31.1412
4,46,ans_final,1.3553,69.6639,9.1638
4,47,ans_first,1.8796,10.5958,10.5958
4,47,cq,0.7880,18.9767,15.7389
4,47,ans_final,1.2055,19.9822,6.4155
4,47,ans_first,1.4784,21.7273,7.8597
4,47,cq,0.4592,25.2773,12.0787
4,47,ans_final,1.0557,25.8784,4.5816
4,47,ans_first,2.0001,28.5619,11.6235
4,47,cq,1.3279,31.4235,12.1950
4,47,ans_final,1.3273,32.4788,7.0303
4,47,ans_first,1.8560,34.2924,8.8583
4,47,cq,1.6775,39.7083,21.1943
4,47,ans_final,1.2534,40.7140,6.9470
4,47,ans_first,2.3371,40.4398,6.1418
4,47,cq,1.4770,44.9428,19.6606
4,47,ans_final,1.5215,46.1968,8.7499
4,47,ans_first,1.6520,46.5113,6.7857
4,47,cq,0.6475,47.9338,14.6120
4,47,ans_final,1.1996,49.1671,7.0597
4,47,ans_first,1.8807,50.0730,9.8175
4,47,cq,1.2186,51.9124,17.9491
4,47,ans_final,1.3462,52.9050,6.6345
4,47,ans_first,1.8908,53.1597,6.2619
4,47,cq,1.1046,54.1549,10.7137
4,47,ans_final,1.2206,54.5814,4.6956
4,48,ans_first,2.3450,15.6091,15.6091
4,48,cq,3.4665,36.4763,33.0596
4,48,ans_final,1.3838,36.8576,7.1210
4,48,ans_first,1.8903,37.3972,6.0662
4,48,cq,2.7506,46.6753,24.4151
4,48,ans_final,1.2629,46.7606,5.9567
4,48,ans_first,1.7646,47.3028,7.4583
4,48,cq,1.3742,51.9051,17.9554
4,48,ans_final,1.3657,51.8874,6.1496
4,48,ans_first,1.4494,52.1223,4.8827
4,48,cq,1.3237,53.1587,15.7863
4,48,ans_final,1.3922,53.4896,5.4970
4,48,ans_first,1.6189,54.6586,10.9442
4,48,cq,1.4229,61.4627,22.2873
4,48,ans_final,1.3269,61.8628,8.7832
4,48,ans_first,1.8913,63.0102,12.2543
4,48,cq,1.5261,68.7722,17.3936
4,48,ans_final,1.3781,69.4654,10.1769
4,48,ans_first,2.3115,69.6555,7.4783
4,48,cq,0.8708,70.5565,15.3108
4,48,ans_final,1.1631,70.9224,5.3957
4,48,ans_first,2.1633,71.8294,7.7156
4,48,cq,2.0293,70.2742,24.1850
4,48,ans_final,1.2735,70.6931,6.3835
4,49,ans_first,1.9665,8.7994,8.7994
4,49,cq,1.1973,18.0787,15.7138
4,49,ans_final,1.1204,18.5572,5.8962
4,49,ans_first,1.5602,20.1372,7.3538
4,49,cq,0.3147,25.2730,15.7325
4,49,ans_final,1.1077,26.7922,7.4231
4,49,ans_first,2.4447,27.3596,6.0677
4,49,cq,2.0610,34.6853,22.9196
4,49,ans_final,1.4189,34.9688,5.4040
4,49,ans_first,2.1081,37.0940,11.7138
4,49,cq,0.9538,38.8577,13.6202
4,49,ans_final,1.1476,39.5787,5.9491
4,49,ans_first,1.7607,40.4585,7.4940
4,49,cq,0.2285,43.2386,9.7472
4,49,ans_final,1.3618,43.9519,5.7417
4,49,ans_first,1.8468,44.4156,6.4034
4,49,cq,0.5936,46.0484,18.9820
4,49,ans_final,1.5739,46.3574,7.8166
4,49,ans_first,2.0686,47.4688,9.5355
4,49,cq,2.5649,56.2370,35.6238
4,49,ans_final,1.4878,56.4835,7.6232
4,49,ans_first,2.3198,57.0147,7.2516
4,49,cq,1.4783,66.1387,30.0039
4,49,ans_final,1.5291,67.0219,8.0177
4,50,ans_first,1.9921,7.5285,7.5285
4,50,cq,1.7124,20.1476,18.4220
4,50,ans_final,1.2946,22.0512,8.8840
4,50,ans_first,2.0033,22.4990,6.2365
4,50,cq,1.8820,30.2116,21.4620
4,50,ans_final,1.2220,30.9483,8.2114
4,50,ans_first,1.6421,31.5180,5.5696
4,50,cq,1.9113,37.1890,20.3515
4,50,ans_final,1.4014,37.8366,6.9363
4,50,ans_first,1.6084,38.3205,7.2285
4,50,cq,1.4667,42.5391,17.4222
4,50,ans_final,1.2999,43.0130,5.0210
4,50,ans_first,2.0945,43.5853,6.0420
4,50,cq,1.5829,46.6021,14.7590
4,50,ans_final,1.5398,47.6483,8.5376
4,50,ans_first,2.2448,48.1435,7.0659
4,50,cq,1.0586,55.8538,20.4377
4,50,ans_final,1.2204,56.0972,5.9712
4,50,ans_first,2.0440,57.0917,8.3984
4,50,cq,2.0034,59.5504,22.0254
4,50,ans_final,1.2634,59.5855,4.8758
4,50,ans_first,1.7134,59.9699,8.5199
4,50,cq,2.4000,62.5167,25.5847
4,50,ans_final,1.3074,63.1743,6.1729
4,51,ans_first,1.6193,8.0801,8.0801
4,51,cq,0.8438,21.9472,20.2571
4,51,ans_final,1.3481,23.6064,8.7872
4,51,ans_first,1.7917,25.4496,9.3318
4,51,cq,1.6326,32.4383,17.5592
4,51,ans_final,1.3670,32.9258,6.3920
4,51,ans_first,2.1340,34.3265,11.5001
4,51,cq,1.6057,42.9189,22.6981
4,51,ans_final,1.1447,43.8581,8.2649
4,51,ans_first,1.9960,44.3603,7.6068
4,51,cq,1.8774,52.8172,21.3628
4,51,ans_final,1.4377,52.9400,7.8166
4,51,ans_first,1.5072,53.6631,7.1634
4,51,cq,1.2345,54.7904,14.6881
4,51,ans_final,1.2910,55.2073,7.0983
4,51,ans_first,1.6605,55.1473,4.6719
4,51,cq,1.6998,56.3741,17.4228
4,51,ans_final,1.3451,56.9827,9.4023
4,51,ans_first,1.6316,57.1116,5.0788
4,51,cq,1.2656,59.8524,15.5738
4,51,ans_final,1.4087,60.0928,4.9675
4,51,ans_first,2.6190,60.8342,6.3756
4,51,cq,1.2359,66.5877,20.9492
4,51,ans_final,1.4203,66.6533,6.5272
4,52,ans_first,2.2057,9.2906,9.2906
4,52,cq,0.5903,17.6831,15.3022
4,52,ans_final,1.2614,19.3642,8.0256
4,52,ans_first,1.3641,20.3022,6.4074
4,52,cq,1.2648,25.2582,13.5267
4,52,ans_final,1.3542,27.1442,10.9495
4,52,ans_first,2.9983,28.4708,9.1142
4,52,cq,1.9224,33.0503,18.7879
4,52,ans_final,1.3467,33.6339,7.2681
4,52,ans_first,1.5523,34.6853,7.7455
4,52,cq,1.4406,39.2751,17.9145
4,52,ans_final,1.1791,39.1768,4.7550
4,52,ans_first,2.1651,40.9520,9.3548
4,52,cq,1.6589,43.3365,24.0279
4,52,ans_final,1.3182,43.6852,6.6707
4,52,ans_first,1.7904,45.3168,13.2799
4,52,cq,1.2393,49.7762,18.5382
4,52,ans_final,1.2564,50.5455,7.6686
4,52,ans_first,1.7866,51.0698,6.7543
4,52,cq,1.8823,52.4721,17.5764
4,52,ans_final,1.2886,52.6390,5.4276
4,52,ans_first,1.6994,53.1663,8.0013
4,52,cq,0.6808,53.5778,12.9776
4,52,ans_final,1.4002,53.8484,5.6745
4,53,ans_first,1.2889,6.4760,6.4760
4,53,cq,0.3455,17.1520,15.6962
4,53,ans_final,1.1521,18.3294,7.3013
4,53,ans_first,1.8862,19.1365,5.2005
4,53,cq,1.3687,30.5496,23.3394
4,53,ans_final,1.3279,30.9154,5.1720
4,53,ans_first,1.4084,32.1067,7.6410
4,53,cq,1.7121,42.5152,22.7132
4,53,ans_final,0.9582,42.6538,4.0720
4,53,ans_first,1.6560,43.2880,5.8038
4,53,cq,1.6568,49.1460,17.2710
4,53,ans_final,1.5561,49.6559,7.3978
4,53,ans_first,1.6270,51.1984,9.4754
4,53,cq,0.4146,51.5914,12.5349
4,53,ans_final,1.3482,51.8999,7.1858
4,53,ans_first,1.5079,52.5327,8.4666
4,53,cq,0.8729,53.2902,17.6332
4,53,ans_final,1.6068,53.9701,8.4855
4,53,ans_first,1.8174,54.4556,8.7082
4,53,cq,0.2192,54.4126,8.5043
4,53,ans_final,1.4380,55.2265,5.9909
4,53,ans_first,2.1591,55.7020,8.6249
4,53,cq,1.6636,58.3507,19.3727
4,53,ans_final,1.3391,58.8061,6.9479
4,54,ans_first,2.7544,8.6994,8.6994
4,54,cq,2.1394,21.7920,19.7953
4,54,ans_final,1.3776,22.2373,5.3970
4,54,ans_first,1.8292,22.7853,4.4529
4,54,cq,0.8754,25.7237,14.4915
4,54,ans_final,1.4881,26.8546,7.3828
4,54,ans_first,1.7354,27.9217,7.0388
4,54,cq,2.1564,36.5222,21.6042
4,54,ans_final,1.2968,37.4343,8.0313
4,54,ans_first,1.6690,38.1648,7.7304
4,54,cq,1.9866,47.5268,24.2557
4,54,ans_final,1.2342,47.7832,5.0025
4,54,ans_first,1.8545,48.3717,7.6732
4,54,cq,2.0264,50.3324,17.4367
4,54,ans_final,1.3540,51.0210,6.5657
4,54,ans_first,1.5449,52.1287,8.5059
4,54,cq,2.7701,59.1879,26.6595
4,54,ans_final,1.3096,59.3264,12.7776
4,54,ans_first,1.4869,59.8252,6.7326
4,54,cq,1.1089,60.5802,19.8365
4,54,ans_final,1.1101,61.0721,8.5065
4,54,ans_first,1.8626,61.5637,6.5388
4,54,cq,1.1006,62.4322,11.6231
4,54,ans_final,1.4240,62.5998,8.2860
4,55,ans_first,1.3668,7.2239,7.2239
4,55,cq,0.1821,15.3675,12.9263
4,55,ans_final,1.3424,17.1430,7.5709
4,55,ans_first,2.0986,18.5144,6.7119
4,55,cq,1.1368,25.3091,18.2608
4,55,ans_final,1.2797,25.4974,4.6438
4,55,ans_first,1.1215,26.0012,5.3350
4,55,cq,0.9588,29.9887,17.5985
4,55,ans_final,1.2601,30.8655,6.1620
4,55,ans_first,2.2900,31.9207,7.4808
4,55,cq,2.6530,40.0786,25.8567
4,55,ans_final,1.2632,40.5443,6.1307
4,55,ans_first,1.8844,41.2645,7.4091
4,55,cq,1.9003,44.6389,18.8122
4,55,ans_final,1.3669,45.3497,7.5456
4,55,ans_first,1.6021,45.7858,6.9095
4,55,cq,1.1393,49.7998,16.6193
4,55,ans_final,1.2954,50.3602,7.5206
4,55,ans_first,1.8454,51.3750,13.5436
4,55,cq,1.3962,57.1813,18.7961
4,55,ans_final,1.6264,59.2681,12.8608
4,55,ans_first,1.0278,60.1616,7.0806
4,55,cq,1.7544,59.2328,16.9425
4,55,ans_final,1.4311,59.4915,5.4817
4,56,ans_first,2.1626,5.4131,5.4131
4,56,cq,1.0583,12.6594,11.5899
4,56,ans_final,1.1846,13.4306,4.5577
4,56,ans_first,1.8655,15.6744,8.3161
4,56,cq,1.3083,21.8587,14.8860
4,56,ans_final,1.4438,22.5977,7.2215
4,56,ans_first,1.4872,23.6856,6.4200
4,56,cq,0.1744,24.5261,8.6160
4,56,ans_final,1.1733,25.6641,7.9580
4,56,ans_first,2.6449,26.8956,8.8071
4,56,cq,1.3211,32.7471,18.6967
4,56,ans_final,1.3889,33.3849,5.2586
4,56,ans_first,1.8048,33.8059,5.5430
4,56,cq,1.9365,37.8532,22.0336
4,56,ans_final,1.4189,40.1373,11.6269
4,56,ans_first,2.5559,41.1353,8.6310
4,56,cq,2.1389,46.9275,21.9836
4,56,ans_final,1.3161,47.2838,5.3407
4,56,ans_first,1.8062,47.9007,7.0805
4,56,cq,1.0613,54.0087,20.9945
4,56,ans_final,1.4247,54.4382,8.6567
4,56,ans_first,1.5324,55.4015,9.0179
4,56,cq,1.6524,64.9004,27.7067
4,56,ans_final,1.4684,64.7057,7.7358
4,57,ans_first,1.4849,5.6574,5.6574
4,57,cq,1.8034,19.7660,18.6452
4,57,ans_final,1.2602,20.5878,6.1851
4,57,ans_first,1.3157,22.3108,8.3670
4,57,cq,0.2001,24.3472,9.9256
4,57,ans_final,1.4060,25.4718,8.5983
4,57,ans_first,2.2044,26.3269,6.8200
4,57,cq,1.0314,31.9349,15.9067
4,57,ans_final,1.4374,32.4513,7.5818
4,57,ans_first,1.8020,33.4544,7.0307
4,57,cq,0.3175,33.9096,14.0027
4,57,ans_final,1.4238,34.3493,5.3186
4,57,ans_first,2.1149,35.6875,9.9246
4,57,cq,0.3592,39.7494,15.7001
4,57,ans_final,1.2052,40.4619,6.9904
4,57,ans_first,1.4896,40.6268,5.4144
4,57,cq,1.5677,46.2623,19.4655
4,57,ans_final,1.3026,47.2411,7.0306
4,57,ans_first,1.5364,47.5560,6.3839
4,57,cq,1.2620,50.4475,18.0746
4,57,ans_final,1.2635,50.7942,8.9833
4,57,ans_first,2.7062,51.8745,9.6078
4,57,cq,2.9853,60.0886,36.4623
4,57,ans_final,1.5513,60.9658,8.6901
4,58,ans_first,2.0909,9.4081,9.4081
4,58,cq,1.4409,22.1785,20.1960
4,58,ans_final,1.2547,23.0802,6.9844
4,58,ans_first,2.0689,24.3943,6.7315
4,58,cq,0.9980,28.1112,15.2978
4,58,ans_final,1.4784,28.9641,8.5832
4,58,ans_first,1.6277,30.5822,9.7944
4,58,cq,0.8986,34.0805,13.3263
4,58,ans_final,1.2580,34.8360,6.4502
4,58,ans_first,1.9609,35.2764,4.7222
4,58,cq,1.2530,37.3250,17.2411
4,58,ans_final,1.5346,37.8064,6.8819
4,58,ans_first,2.3997,38.5855,7.6975
4,58,cq,2.1845,45.3636,20.3508
4,58,ans_final,1.3170,45.6594,4.8512
4,58,ans_first,1.8904,45.8630,6.5559
4,58,cq,3.1747,50.8178,25.0387
4,58,ans_final,1.4361,51.3067,6.1053
4,58,ans_first,2.1083,51.7367,9.1435
4,58,cq,1.9722,54.2782,15.3105
4,58,ans_final,1.1594,54.9272,8.1546
4,58,ans_first,1.8161,55.1790,6.0827
4,58,cq,1.9398,58.6855,18.0603
4,58,ans_final,1.5138,59.0168,9.7111
4,59,ans_first,2.0687,8.4253,8.4253
4,59,cq,1.7217,33.6159,32.1548
4,59,ans_final,1.3429,34.3374,7.2777
4,59,ans_first,1.4206,35.0962,5.6253
4,59,cq,1.8803,39.5811,22.4668
4,59,ans_final,1.4568,39.8228,5.7460
4,59,ans_first,1.6910,40.4670,6.9522
4,59,cq,2.0949,48.0394,24.4613
4,59,ans_final,1.3436,48.4713,5.6279
4,59,ans_first,2.6713,50.2166,13.2071
4,59,cq,1.0330,51.4041,22.8256
4,59,ans_final,1.3955,52.0466,7.0895
4,59,ans_first,1.1986,52.2345,7.2571
4,59,cq,0.5654,52.4433,12.3701
4,59,ans_final,1.4245,52.8530,7.4192
4,59,ans_first,1.4282,53.1264,5.1465
4,59,cq,1.1647,54.9246,16.2113
4,59,ans_final,1.2764,54.9872,5.3348
4,59,ans_first,1.3376,55.4760,8.8465
4,59,cq,1.2364,60.6248,21.8730
4,59,ans_final,1.3182,61.0162,5.4052
4,59,ans_first,2.0328,62.0170,13.5565
4,59,cq,0.9590,66.4881,20.3361
4,59,ans_final,1.5654,67.7186,9.8922
4,60,ans_first,1.7958,6.6588,6.6588
4,60,cq,1.2377,18.1735,16.8029
4,60,ans_final,1.2919,19.0372,5.8990
4,60,ans_first,1.6069,20.8248,7.5132
4,60,cq,1.0510,26.0472,14.8661
4,60,ans_final,1.0981,26.4242,5.2925
4,60,ans_first,2.0123,27.8384,7.4351
4,60,cq,0.7707,34.1232,18.3995
4,60,ans_final,1.3142,34.7862,7.1740
4,60,ans_first,1.5478,35.2133,7.0661
4,60,cq,1.4388,40.9050,29.9434
4,60,ans_final,1.3520,40.9689,6.1327
4,60,ans_first,1.6665,41.3267,4.7621
4,60,cq,1.4432,46.4781,22.9318
4,60,ans_final,1.3518,46.8038,7.3477
4,60,ans_first,1.4213,47.3652,7.5416
4,60,cq,1.7360,49.4477,19.2069
4,60,ans_final,1.2419,50.4382,8.0336
4,60,ans_first,1.8387,51.8987,10.2898
4,60,cq,1.2757,57.0710,26.7551
4,60,ans_final,1.4611,57.4613,9.2849
4,60,ans_first,2.3160,57.8476,7.1639
4,60,cq,1.6957,61.3690,16.5566
4,60,ans_final,1.3245,61.8861,7.0516
4,61,ans_first,1.4160,8.5735,8.5735
4,61,cq,0.1429,10.9948,6.3178
4,61,ans_final,1.0426,12.9583,7.2723
4,61,ans_first,1.2709,14.0423,5.2293
4,61,cq,1.4665,23.0358,19.2530
4,61,ans_final,1.0948,24.2120,7.3471
4,61,ans_first,1.4587,24.4621,4.4636
4,61,cq,1.2006,30.0201,17.0334
4,61,ans_final,1.2142,30.5991,5.6334
4,61,ans_first,1.7612,31.2932,6.3025
4,61,cq,0.4621,32.2154,11.9198
4,61,ans_final,1.1020,32.7408,5.6081
4,61,ans_first,1.6247,33.4317,6.4974
4,61,cq,0.3490,37.2613,18.7278
4,61,ans_final,1.3582,37.8802,9.7280
4,61,ans_first,1.8163,38.9369,9.3555
4,61,cq,1.5882,42.2368,18.7157
4,61,ans_final,1.2846,43.0029,6.7721
4,61,ans_first,2.1360,43.4761,9.1430
4,61,cq,2.1056,46.1684,20.4125
4,61,ans_final,1.4097,46.7031,5.5237
4,61,ans_first,1.6471,47.6865,8.6492
4,61,cq,0.5808,50.5594,12.9959
4,61,ans_final,1.1967,50.9833,5.5080
4,62,ans_first,1.5494,7.0022,7.0022
4,62,cq,1.0083,15.0281,13.6393
4,62,ans_final,1.1462,15.7243,5.0466
4,62,ans_first,2.0714,18.5140,9.3060
4,62,cq,1.5300,24.1449,15.0948
4,62,ans_final,1.4249,25.8225,9.1416
4,62,ans_first,1.5999,26.7640,6.5510
4,62,cq,1.1837,31.8648,18.4426
4,62,ans_final,1.1248,32.0722,4.8542
4,62,ans_first,1.3887,32.9772,8.4409
4,62,cq,0.6162,36.9448,18.7974
4,62,ans_final,1.2561,37.6254,9.2724
5,0,ans_first,1.7405,8.1223,8.1223
5,0,cq,1.5540,16.5603,14.0537
5,0,ans_final,1.4041,18.0693,8.9514
5,0,ans_first,2.0025,19.7834,9.1829
5,0,cq,0.9142,31.2242,22.3129
5,0,ans_final,1.2128,32.1440,6.8401
5,0,ans_first,1.4439,32.9202,6.4375
5,0,cq,2.0165,39.8666,22.9974
5,0,ans_final,1.4083,40.7053,8.4388
5,0,ans_first,2.2853,41.0546,7.6300
5,0,cq,2.6132,43.3692,22.9298
5,0,ans_final,1.2784,44.1053,5.9945
5,0,ans_first,1.7188,44.7599,9.1953
5,0,cq,1.3125,47.3906,17.1528
5,0,ans_final,1.4106,48.0815,6.2932
5,0,ans_first,1.7345,48.5577,6.3757
5,0,cq,1.1998,50.0526,13.8533
5,0,ans_final,0.9874,50.8107,6.0311
5,0,ans_first,2.2111,51.4673,8.5445
5,0,cq,2.5322,60.0888,28.8337
5,0,ans_final,1.3806,61.3129,6.8460
5,0,ans_first,1.8088,61.7775,6.1375
5,0,cq,1.8502,64.4572,18.8665
5,0,ans_final,1.3011,65.9198,8.6851
5,1,ans_first,1.8660,5.3765,5.3765
5,1,cq,0.5484,17.2441,16.1714
5,1,ans_final,1.6346,19.7061,9.5246
5,1,ans_first,1.2778,20.5275,5.7168
5,1,cq,1.0967,29.2040,20.9329
5,1,ans_final,1.0142,30.3368,6.4577
5,1,ans_first,2.3948,31.1889,7.2860
5,1,cq,2.1553,45.4913,31.0617
5,1,ans_final,1.1450,46.5596,6.9200
5,1,ans_first,1.6872,46.4472,5.2709
5,1,cq,1.2856,51.5432,22.8967
5,1,ans_final,0.9713,52.5493,6.8301
5,1,ans_first,2.2886,52.9835,6.8021
5,1,cq,1.0635,61.5716,21.1382
5,1,ans_final,1.3584,62.4897,5.1875
5,1,ans_first,1.8061,62.9628,7.0955
5,1,cq,1.0266,67.2091,19.5701
5,1,ans_final,1.4009,69.4498,8.5914
5,1,ans_first,1.6034,69.7286,5.6243
5,1,cq,1.4700,73.5346,17.1501
5,1,ans_final,1.2759,76.5459,10.7220
5,1,ans_first,1.8871,76.6415,6.0573
5,1,cq,2.6832,87.6944,23.2783
5,1,ans_final,1.4944,88.7149,7.2403
5,2,ans_first,1.6671,7.1357,7.1357
5,2,cq,2.1973,24.0946,22.8396
5,2,ans_final,1.1820,24.6567,7.3949
5,2,ans_first,1.3833,25.7214,7.0485
5,2,cq,0.1578,26.7298,7.1619
5,2,ans_final,0.9260,27.5336,7.4555
5,2,ans_first,1.6395,28.2948,6.8667
5,2,cq,1.4631,32.6598,16.1606
5,2,ans_final,1.3276,33.7663,7.2992
5,2,ans_first,2.6716,36.4487,13.2421
5,2,cq,1.0282,44.1600,22.3256
5,2,ans_final,1.2455,45.4915,9.0161
5,2,ans_first,1.9238,46.3291,9.4737
5,2,cq,0.2705,47.6768,13.4351
5,2,ans_final,1.3486,49.4324,8.1852
5,2,ans_first,1.4669,50.0980,6.2329
5,2,cq,0.9351,52.8361,14.0914
5,2,ans_final,1.0145,53.7334,6.1132
5,2,ans_first,1.9170,55.0218,11.2006
5,2,cq,1.7279,59.9521,25.6500
5,2,ans_final,1.2511,61.7618,8.0820
5,2,ans_first,1.6001,62.1338,6.5852
5,2,cq,1.2156,63.8072,18.7064
5,2,ans_final,1.4511,65.1579,7.9422
5,3,ans_first,1.6881,7.0287,7.0287
5,3,cq,1.0005,15.7892,13.8947
5,3,ans_final,1.1750,17.8173,9.0018
5,3,ans_first,1.8169,19.0736,7.4361
5,3,cq,1.1977,24.6243,13.5932
5,3,ans_final,1.2627,25.7473,8.2708
5,3,ans_first,1.7329,26.9163,7.6588
5,3,cq,1.5965,34.7371,20.6958
5,3,ans_final,1.3099,36.3006,10.8278
5,3,ans_first,2.4445,36.8283,6.0576
5,3,cq,1.7613,41.1667,21.1779
5,3,ans_final,1.5607,42.4051,7.3734
5,3,ans_first,2.1073,43.2972,9.1402
5,3,cq,1.9661,46.9784,15.2138
5,3,ans_final,1.1844,49.5856,9.4916
5,3,ans_first,2.3177,50.1638,7.1257
5,3,cq,1.4736,61.8499,30.2720
5,3,ans_final,1.3867,63.6605,8.6978
5,3,ans_first,1.6856,64.2451,7.9001
5,3,cq,1.0407,65.6602,22.0662
5,3,ans_final,1.2121,67.5310,6.9482
5,3,ans_first,1.4817,67.8235,7.8753
5,3,cq,0.4600,68.7019,12.1698
5,3,ans_final,1.4395,70.7850,7.3347
5,4,ans_first,1.7977,6.1770,6.1770
5,4,cq,1.7210,18.3150,17.1942
5,4,ans_final,1.5239,18.9796,7.2112
5,4,ans_first,1.6733,20.6598,8.3329
5,4,cq,1.2955,32.0361,20.4676
5,4,ans_final,1.2356,32.7457,6.0339
5,4,ans_first,1.9739,33.8205,6.9957
5,4,cq,1.9086,39.4526,22.6632
5,4,ans_final,1.2877,40.0659,8.0678
5,4,ans_first,2.1203,41.4981,10.0182
5,4,cq,0.3346,45.5335,14.7659
5,4,ans_final,1.1039,46.8197,7.5788
5,4,ans_first,2.3646,47.7903,9.6388
5,4,cq,1.1818,49.9192,16.7633
5,4,ans_final,1.3861,51.2838,7.5249
5,4,ans_first,2.5378,51.8585,7.8429
5,4,cq,1.4010,57.5615,21.4210
5,4,ans_final,1.5084,59.7163,9.2640
5,4,ans_first,1.7963,60.2018,7.2847
5,4,cq,1.7035,66.7164,20.8059
5,4,ans_final,1.2630,67.5925,6.6579
5,4,ans_first,1.5959,68.7503,11.0255
5,4,cq,0.9164,77.7130,25.6842
5,4,ans_final,1.2905,79.3829,7.8765
5,5,ans_first,1.5944,6.7979,6.7979
5,5,cq,0.7031,17.3764,15.8634
5,5,ans_final,1.1678,18.1191,5.2724
5,5,ans_first,2.6459,19.6034,7.4359
5,5,cq,2.4400,28.1513,20.5333
5,5,ans_final,1.3013,28.8298,6.2082
5,5,ans_first,2.3882,29.8208,7.6525
5,5,cq,2.1996,33.8254,20.6704
5,5,ans_final,1.2616,35.3403,8.9844
5,5,ans_first,2.1844,36.8524,9.4362
5,5,cq,1.0525,41.7702,18.3332
5,5,ans_final,1.2161,43.5856,8.4161
5,5,ans_first,1.3895,43.5621,6.9907
5,5,cq,1.0047,44.5630,19.3373
5,5,ans_final,1.4108,47.0322,10.5655
5,5,ans_first,2.4383,47.5095,7.0479
5,5,cq,1.8066,58.7212,30.8843
5,5,ans_final,1.3298,59.9258,6.6704
5,5,ans_first,2.1631,60.5933,9.0230
5,5,cq,0.9291,66.2782,18.0666
5,5,ans_final,1.3628,68.5783,7.9485
5,5,ans_first,1.9532,69.0945,7.3534
5,5,cq,2.9175,72.5756,24.9018
5,5,ans_final,1.2888,73.4695,7.1585
5,6,ans_first,2.0653,8.5122,8.5122
5,6,cq,1.6849,33.4268,31.9492
5,6,ans_final,1.1411,33.8965,6.4564
5,6,ans_first,2.1285,33.9157,6.9454
5,6,cq,0.7536,39.6478,14.2946
5,6,ans_final,1.3221,40.8842,7.4079
5,6,ans_first,1.5007,41.6339,7.0980
5,6,cq,1.2209,43.6149,14.4851
5,6,ans_final,1.4146,45.1741,9.0648
5,6,ans_first,1.6211,45.4102,6.9240
5,6,cq,1.7434,52.8904,20.4531
5,6,ans_final,1.1335,53.6109,5.8155
5,6,ans_first,1.1591,53.8256,4.8561
5,6,cq,1.4723,58.0987,17.3175
5,6,ans_final,1.1822,59.5538,9.6674
5,6,ans_first,1.6232,59.7126,7.5313
5,6,cq,1.0458,60.1471,14.8335
5,6,ans_final,1.1440,61.2966,5.8691
5,6,ans_first,1.8978,61.4991,5.6461
5,6,cq,1.7527,67.5313,23.8238
5,6,ans_final,1.4264,68.5107,6.8197
5,6,ans_first,1.6695,68.6502,6.5549
5,6,cq,1.3341,67.0818,26.2211
5,6,ans_final,1.1954,67.9194,5.6625
5,7,ans_first,1.2863,5.5909,5.5909
5,7,cq,1.4348,16.0409,14.9602
5,7,ans_final,1.3180,18.3992,10.9516
5,7,ans_first,1.8986,19.9511,7.5260
5,7,cq,0.5961,24.7971,14.9328
5,7,ans_final,1.3012,27.5766,9.4623
5,7,ans_first,1.3666,27.9637,5.0803
5,7,cq,1.3812,33.9732,18.2021
5,7,ans_final,1.5034,35.7973,7.7935
5,7,ans_first,2.1907,36.7492,7.7025
5,7,cq,1.4361,43.1335,17.9300
5,7,ans_final,1.5630,43.9327,7.2152
5,7,ans_first,2.0090,44.3729,7.8341
5,7,cq,1.1147,46.8020,16.1305
5,7,ans_final,1.0976,47.4256,6.4592
5,7,ans_first,1.5435,48.0487,7.0647
5,7,cq,1.8517,54.1340,24.5355
5,7,ans_final,1.3763,55.7723,8.0002
5,7,ans_first,1.4121,56.0323,5.6216
5,7,cq,1.4799,61.3203,30.2473
5,7,ans_final,0.9721,62.3434,5.3658
5,7,ans_first,2.1467,62.6777,6.4635
5,7,cq,2.0531,63.6248,15.6582
5,7,ans_final,1.2097,64.0188,5.1520
5,8,ans_first,1.4794,5.3652,5.3652
5,8,cq,1.5002,18.3274,17.6053
5,8,ans_final,1.2432,19.1787,7.0139
5,8,ans_first,1.9553,20.8335,8.5984
5,8,cq,1.1920,27.0725,15.7465
5,8,ans_final,1.1855,28.0902,6.8291
5,8,ans_first,1.8906,28.8390,6.3410
5,8,cq,1.0370,35.9889,17.7042
5,8,ans_final,1.3284,37.0820,7.4732
5,8,ans_first,1.6234,38.5585,9.4678
5,8,cq,0.4151,43.1334,12.9873
5,8,ans_final,1.1296,43.4845,5.3549
5,8,ans_first,1.8413,43.8238,5.7636
5,8,cq,0.3744,43.8271,7.7760
5,8,ans_final,1.4834,44.9223,7.5728
5,8,ans_first,1.9737,46.7026,11.9104
5,8,cq,1.1329,55.7030,23.4129
5,8,ans_final,1.3020,57.1418,10.7015
5,8,ans_first,1.6979,57.2794,7.1754
5,8,cq,0.1984,58.2651,9.6119
5,8,ans_final,1.4489,60.4981,8.2688
5,8,ans_first,2.3246,61.1722,8.7615
5,8,cq,1.2929,59.5661,16.6066
5,8,ans_final,1.3139,60.6598,6.2088
5,9,ans_first,2.0426,7.0034,7.0034
5,9,cq,1.4317,15.4486,13.8002
5,9,ans_final,1.2816,16.0824,4.8936
5,9,ans_first,1.5467,17.6850,7.0164
5,9,cq,1.0033,23.4194,13.7283
5,9,ans_final,1.4118,25.2674,8.5661
5,9,ans_first,1.7932,26.6369,8.1628
5,9,cq,0.9279,31.7772,22.6531
5,9,ans_final,1.0775,32.9882,7.0291
5,9,ans_first,2.0768,33.4747,5.9341
5,9,cq,1.6456,45.3909,27.9160
5,9,ans_final,1.6035,45.9506,5.2207
5,9,ans_first,2.1498,46.5601,9.5484
5,9,cq,1.7241,49.1561,17.9771
5,9,ans_final,1.3315,49.7338,8.5109
5,9,ans_first,1.8121,50.1041,6.0803
5,9,cq,1.9396,55.8449,18.6862
5,9,ans_final,1.2721,56.5113,6.3780
5,9,ans_first,1.6294,56.8303,5.0866
5,9,cq,1.2391,61.7371,15.2326
5,9,ans_final,1.3906,62.9098,8.7152
5,9,ans_first,1.9519,63.1959,6.1662
5,9,cq,1.8172,60.8513,19.2154
5,9,ans_final,1.2121,61.9096,5.8286
5,10,ans_first,1.9311,8.9010,8.9010
5,10,cq,1.4960,23.7463,22.2772
5,10,ans_final,1.2163,24.1505,5.3705
5,10,ans_first,1.8103,24.9565,5.3764
5,10,cq,0.8735,29.9016,14.2219
5,10,ans_final,1.2765,30.7097,7.3440
5,10,ans_first,1.6363,31.7124,7.2495
5,10,cq,0.4074,35.9324,19.2088
5,10,ans_final,1.0847,36.8664,6.7138
5,10,ans_first,1.9057,37.4067,6.1931
5,10,cq,0.6399,39.9024,11.0291
5,10,ans_final,1.3319,40.5350,5.6069
5,10,ans_first,2.6326,41.1978,6.5236
5,10,cq,1.2319,44.4447,20.1204
5,10,ans_final,1.4789,46.2700,10.4193
5,10,ans_first,1.8740,46.8193,6.6216
5,10,cq,2.7034,52.2604,26.5229
5,10,ans_final,1.2223,53.3235,7.7747
5,10,ans_first,1.8873,53.8426,6.5610
5,10,cq,3.1502,61.6817,24.7913
5,10,ans_final,1.5591,63.3619,7.0360
5,10,ans_first,2.2253,63.7213,8.0700
5,10,cq,2.5021,72.3990,27.8418
5,10,ans_final,1.3859,73.0064,6.2864
5,11,ans_first,1.7553,6.7125,6.7125
5,11,cq,1.7442,21.5576,20.3731
5,11,ans_final,1.3128,22.8553,7.6123
5,11,ans_first,1.9470,24.3486,8.3707
5,11,cq,2.2813,30.0999,18.4021
5,11,ans_final,1.1988,32.2182,10.1186
5,11,ans_first,1.7363,32.9652,7.0417
5,11,cq,1.7584,41.1480,18.9783
5,11,ans_final,1.4122,41.9089,6.9700
5,11,ans_first,1.5922,42.6291,6.2150
5,11,cq,2.2359,49.4196,23.9167
5,11,ans_final,1.2640,51.1145,9.5063
5,11,ans_first,1.9909,51.4044,7.4763
5,11,cq,1.7008,56.4325,18.0374
5,11,ans_final,1.2537,57.1690,5.7595
5,11,ans_first,1.8410,57.6013,6.6112
5,11,cq,0.1244,58.0011,6.5491
5,11,ans_final,1.2112,59.4093,8.5192
5,11,ans_first,2.6839,60.0339,9.1157
5,11,cq,1.9187,61.9882,23.0542
5,11,ans_final,1.4061,62.9141,6.8239
5,11,ans_first,1.3109,63.4045,8.4348
5,11,cq,0.2100,64.1008,10.1766
5,11,ans_final,1.6383,66.6543,12.6483
5,12,ans_first,1.5394,7.2490,7.2490
5,12,cq,0.6523,19.8017,18.4205
5,12,ans_final,1.1685,20.3373,5.0278
5,12,ans_first,2.3967,21.6477,7.2592
5,12,cq,0.7718,25.9619,12.1500
5,12,ans_final,1.4286,27.1239,8.3279
5,12,ans_first,1.8135,28.2638,8.8881
5,12,cq,1.5397,39.8614,25.5123
5,12,ans_final,1.4631,42.6147,13.8843
5,12,ans_first,1.3668,43.3582,7.3056
5,12,cq,0.1964,50.0192,14.5531
5,12,ans_final,1.1002,50.5658,6.4115
5,12,ans_first,1.5596,50.7249,7.3572
5,12,cq,0.3236,57.7246,16.3525
5,12,ans_final,1.2200,59.0295,7.5163
5,12,ans_first,1.8592,59.0871,4.6642
5,12,cq,1.8855,63.4072,20.3439
5,12,ans_final,1.3094,64.1601,6.7843
5,12,ans_first,1.1283,64.4320,5.2906
5,12,cq,0.9550,61.6782,17.4024
5,12,ans_final,1.3803,64.1433,9.8174
5,12,ans_first,1.4209,64.8857,8.5760
5,12,cq,0.1466,67.4236,6.5118
5,12,ans_final,1.2591,68.0765,7.3359
5,13,ans_first,1.9345,7.2703,7.2703
5,13,cq,1.0403,17.0696,15.3183
5,13,ans_final,1.3284,17.5700,4.8536
5,13,ans_first,1.4042,18.9687,7.6272
5,13,cq,1.7107,28.3022,22.8003
5,13,ans_final,1.2012,28.6180,6.2890
5,13,ans_first,1.2002,29.3125,7.2406
5,13,cq,0.5545,30.0301,12.2595
5,13,ans_final,1.0797,31.1756,7.2724
5,13,ans_first,1.5293,31.8378,6.9593
5,13,cq,1.4288,35.5509,14.6709
5,13,ans_final,1.4994,37.1017,8.3044
5,13,ans_first,1.4608,37.7595,5.8321
5,13,cq,1.4752,42.7873,20.2469
5,13,ans_final,1.2893,43.8467,6.4634
5,13,ans_first,1.5056,44.2303,5.7406
5,13,cq,0.5393,45.9754,11.8343
5,13,ans_final,1.3487,47.2836,8.4392
5,13,ans_first,1.9486,47.4733,4.3350
5,13,cq,0.9157,50.1657,14.2030
5,13,ans_final,1.3321,51.4154,7.2018
5,13,ans_first,2.0909,51.9591,6.4952
5,13,cq,0.9448,55.5645,19.0103
5,13,ans_final,1.2228,56.4008,6.5577
5,14,ans_first,1.9643,6.6976,6.6976
5,14,cq,2.5990,23.2035,22.5211
5,14,ans_final,1.2565,24.2611,8.7256
5,14,ans_first,1.7859,25.4540,6.9791
5,14,cq,1.1539,30.4136,17.7493
5,14,ans_final,1.4977,31.2416,6.4890
5,14,ans_first,1.8105,32.0272,6.5713
5,14,cq,1.3073,37.4285,14.7183
5,14,ans_final,1.1108,38.2214,6.4064
5,14,ans_first,1.9287,38.9712,6.6810
5,14,cq,1.2833,45.9640,14.7741
5,14,ans_final,1.2276,46.2862,6.1705
5,14,ans_first,2.0351,47.6435,8.4062
5,14,cq,1.9935,50.4802,21.6214
5,14,ans_final,1.1742,50.8811,6.9218
5,14,ans_first,1.6737,51.9869,6.3921
5,14,cq,1.0083,51.5410,25.7361
5,14,ans_final,1.1689,52.5638,7.2648
5,14,ans_first,1.6073,52.8261,9.5513
5,14,cq,0.6519,60.1428,26.4639
5,14,ans_final,1.2331,60.9075,6.9700
5,14,ans_first,1.3543,61.3712,6.4196
5,14,cq,1.4688,65.3095,19.1555
5,14,ans_final,1.3260,66.5347,7.0606
5,15,ans_first,1.8233,7.7771,7.7771
5,15,cq,1.1313,16.2376,14.1861
5,15,ans_final,1.2400,18.1569,9.1902
5,15,ans_first,1.8153,19.5610,6.7614
5,15,cq,1.5352,29.9477,21.9026
5,15,ans_final,1.3216,30.3705,6.4007
5,15,ans_first,1.7898,31.9191,8.4930
5,15,cq,1.3789,37.8950,20.1647
5,15,ans_final,1.1975,38.5156,6.0623
5,15,ans_first,1.9179,39.5111,7.9883
5,15,cq,0.8526,46.2847,20.0223
5,15,ans_final,1.2666,46.6900,5.7896
5,15,ans_first,2.0490,47.5091,6.3158
5,15,cq,1.0932,54.9829,20.2699
5,15,ans_final,1.4315,56.1523,9.5789
5,15,ans_first,1.8715,56.2650,6.1440
5,15,cq,1.3856,59.0002,22.6778
5,15,ans_final,1.4551,60.2757,9.0217
5,15,ans_first,1.8535,60.8390,8.0881
5,15,cq,1.5153,59.2474,31.4739
5,15,ans_final,1.4660,62.0139,12.2125
5,15,ans_first,2.4793,62.4430,7.5785
5,15,cq,1.6461,67.7438,22.8678
5,15,ans_final,1.2763,68.3710,8.5748
5,16,ans_first,2.0345,6.7808,6.7808
5,16,cq,0.8418,16.8517,15.2260
5,16,ans_final,1.6050,17.8460,6.7347
5,16,ans_first,2.1940,19.5224,8.0248
5,16,cq,1.3194,30.8275,24.8219
5,16,ans_final,1.5257,32.6335,8.6660
5,16,ans_first,1.5044,33.5740,9.0507
5,16,cq,1.9972,42.3120,26.4020
5,16,ans_final,1.3722,44.0013,9.8967
5,16,ans_first,1.8956,44.2835,6.0189
5,16,cq,2.3211,53.7574,23.9811
5,16,ans_final,1.4593,54.6990,7.2595
5,16,ans_first,2.0983,55.6443,9.3752
5,16,cq,1.9526,57.3827,20.1142
5,16,ans_final,1.4575,57.8986,5.1799
5,16,ans_first,1.2483,58.1249,5.9777
5,16,cq,1.2301,62.6659,21.5581
5,16,ans_final,1.4080,63.8966,9.1465
5,16,ans_first,2.0790,64.3040,7.4706
5,16,cq,2.0205,81.8301,34.2861
5,16,ans_final,1.3154,82.6423,6.3073
5,16,ans_first,1.5902,82.4468,6.5514
5,16,cq,1.2272,93.2897,22.2647
5,16,ans_final,1.2796,94.1000,5.5577
5,17,ans_first,1.7266,6.7106,6.7106
5,17,cq,2.7278,37.7585,37.0734
5,17,ans_final,1.3749,37.8814,6.7797
5,17,ans_first,2.2191,38.5049,7.7495
5,17,cq,1.2457,40.2990,18.7201
5,17,ans_final,1.4998,40.9786,7.5018
5,17,ans_first,1.4253,41.5533,6.3316
5,17,cq,0.7607,45.6169,15.4772
5,17,ans_final,1.3546,47.8554,11.9150
5,17,ans_first,1.6363,48.4258,8.3549
5,17,cq,0.3875,46.3293,15.6320
5,17,ans_final,1.2691,46.9652,7.1859
5,17,ans_first,1.7076,47.5703,7.9073
5,17,cq,0.6574,48.8898,12.6838
5,17,ans_final,1.4078,49.5592,6.0733
5,17,ans_first,1.3710,50.0616,7.1531
5,17,cq,1.8428,53.4679,19.3796
5,17,ans_final,1.2535,54.0635,6.7475
5,17,ans_first,1.4421,55.4029,9.2722
5,17,cq,1.5530,60.3645,23.7472
5,17,ans_final,1.3692,60.8706,5.2320
5,17,ans_first,2.1298,62.1101,11.4599
5,17,cq,1.5533,64.8923,22.2511
5,17,ans_final,1.1438,66.5026,9.3695
5,18,ans_first,1.6242,6.4644,6.4644
5,18,cq,0.3448,19.2464,18.1773
5,18,ans_final,1.1627,19.7422,6.0745
5,18,ans_first,1.7929,20.7934,6.6464
5,18,cq,1.2053,27.5413,16.1394
5,18,ans_final,1.1705,28.4729,5.6615
5,18,ans_first,1.3774,29.5983,8.4415
5,18,cq,1.0786,38.8612,23.2091
5,18,ans_final,1.6951,41.9097,12.1293
5,18,ans_first,1.9910,42.1881,6.9206
5,18,cq,1.5386,43.8581,15.7490
5,18,ans_final,1.5982,45.5904,10.1921
5,18,ans_first,1.6779,46.2054,6.1700
5,18,cq,1.5509,47.8807,16.2040
5,18,ans_final,1.4664,49.1757,7.7220
5,18,ans_first,1.5002,49.8129,6.5252
5,18,cq,0.5583,50.6651,19.9926
5,18,ans_final,1.1321,51.7453,7.3820
5,18,ans_first,1.2340,52.0207,6.7419
5,18,cq,0.7917,54.9937,14.0118
5,18,ans_final,1.0557,55.8606,6.4889
5,18,ans_first,1.7388,56.1957,8.0066
5,18,cq,0.8859,58.7570,17.4456
5,18,ans_final,1.5697,60.3476,9.1333
5,19,ans_first,1.6543,4.6419,4.6419
5,19,cq,1.7076,18.1549,17.3953
5,19,ans_final,1.2200,19.6110,8.2670
5,19,ans_first,1.8478,20.9012,6.7935
5,19,cq,2.1295,36.0884,27.8550
5,19,ans_final,1.2151,36.3489,6.4068
5,19,ans_first,1.6135,36.9835,5.5984
5,19,cq,1.0540,39.8806,9.4695
5,19,ans_final,1.3693,40.6962,6.7626
5,19,ans_first,0.9888,41.2905,6.9012
5,19,cq,0.4875,43.0002,21.1777
5,19,ans_final,1.3726,44.1878,8.4531
5,19,ans_first,1.8914,44.7386,6.8819
5,19,cq,0.8687,48.0263,12.4853
5,19,ans_final,1.4085,48.7418,6.0040
5,19,ans_first,2.2809,49.5161,7.8322
5,19,cq,2.0595,53.3880,21.3691
5,19,ans_final,1.4433,54.9536,8.4873
5,19,ans_first,1.5353,55.2972,6.3744
5,19,cq,1.2790,58.5796,18.0414
5,19,ans_final,1.0632,59.9763,7.7250
5,19,ans_first,2.1033,60.4766,6.8093
5,19,cq,1.1158,60.7463,17.3683
5,19,ans_final,1.3461,61.6915,4.7188
5,20,ans_first,2.1739,6.8169,6.8169
5,20,cq,1.1107,16.5677,14.7653
5,20,ans_final,1.1622,16.9334,5.3330
5,20,ans_first,2.0091,19.5734,9.1413
5,20,cq,1.2148,36.0856,28.6099
5,20,ans_final,1.5342,37.9576,9.6458
5,20,ans_first,2.5229,39.3813,10.0409
5,20,cq,1.9908,43.1654,20.2279
5,20,ans_final,1.2311,43.5530,7.2484
5,20,ans_first,1.9022,44.0107,6.7969
5,20,cq,1.2361,47.3155,23.3353
5,20,ans_final,1.4247,47.6274,10.3583
5,20,ans_first,1.8024,48.6628,8.6443
5,20,cq,0.2110,49.1496,8.1119
5,20,ans_final,1.1698,49.1800,5.4035
5,20,ans_first,1.5576,49.6842,5.6786
5,20,cq,1.0048,49.7259,14.3705
5,20,ans_final,1.1759,50.1959,5.5770
5,20,ans_first,1.8006,50.7095,7.1963
5,20,cq,3.1196,57.7881,25.1631
5,20,ans_final,1.5056,58.6282,5.9106
5,20,ans_first,1.4363,58.7400,4.4799
5,20,cq,0.9287,61.0668,14.2741
5,20,ans_final,1.3982,62.7784,10.2174
5,21,ans_first,2.7022,7.0007,7.0007
5,21,cq,1.2134,18.9630,17.6723
5,21,ans_final,1.4470,20.4101,7.8713
5,21,ans_first,1.5737,21.3529,6.0448
5,21,cq,0.9921,26.0426,12.9993
5,21,ans_final,1.3532,28.3333,8.0666
5,21,ans_first,2.1994,29.6817,9.1403
5,21,cq,0.5808,35.2679,15.5966
5,21,ans_final,1.4319,37.4237,8.8300
5,21,ans_first,1.4339,37.9074,5.4531
5,21,cq,0.9464,42.2553,15.9351
5,21,ans_final,1.2624,42.0177,5.9738
5,21,ans_first,1.6525,42.0040,6.8631
5,21,cq,0.6330,43.1675,13.9903
5,21,ans_final,1.1731,44.1953,7.2816
5,21,ans_first,1.8795,44.8738,6.6393
5,21,cq,1.1633,48.7962,15.9033
5,21,ans_final,1.4883,50.7393,12.9001
5,21,ans_first,2.0641,51.3377,7.4649
5,21,cq,0.9883,53.5873,12.7058
5,21,ans_final,1.5461,55.3968,8.7635
5,21,ans_first,1.9808,55.4379,7.3269
5,21,cq,1.6297,58.0989,17.0114
5,21,ans_final,1.5461,59.3404,8.3479
5,22,ans_first,2.3073,6.3179,6.3179
5,22,cq,1.4045,17.6805,16.5445
5,22,ans_final,1.4062,18.7140,6.1979
5,22,ans_first,2.0007,20.8002,8.7682
5,22,cq,1.6273,27.5183,22.3336
5,22,ans_final,1.4167,28.3886,6.4970
5,22,ans_first,1.7248,29.2762,6.7647
5,22,cq,1.4632,33.3587,17.7098
5,22,ans_final,1.4978,33.8720,6.1549
5,22,ans_first,2.0914,34.2020,6.0018
5,22,cq,1.5488,35.7093,14.8176
5,22,ans_final,1.1856,37.0118,9.3920
5,22,ans_first,1.6714,37.5768,6.1096
5,22,cq,2.2470,45.9615,24.2798
5,22,ans_final,1.4038,46.3737,4.7838
5,22,ans_first,1.4537,46.5745,4.9445
5,22,cq,1.3119,48.4411,15.7866
5,22,ans_final,1.2772,49.1726,8.3031
5,22,ans_first,2.1112,49.9351,7.5062
5,22,cq,2.3579,53.0001,22.4951
5,22,ans_final,1.3312,54.1641,8.3134
5,22,ans_first,1.5285,54.9413,8.9065
5,22,cq,1.6411,62.1494,27.2371
5,22,ans_final,1.3110,62.4854,6.8812
5,23,ans_first,1.4901,5.7296,5.7296
5,23,cq,2.0889,26.1713,25.8462
5,23,ans_final,1.2451,27.5438,6.8147
5,23,ans_first,1.3715,28.3480,6.4238
5,23,cq,1.2562,33.4561,13.6391
5,23,ans_final,1.2656,34.0084,7.3706
5,23,ans_first,2.7533,34.6714,8.7277
5,23,cq,2.1570,42.8756,20.1275
5,23,ans_final,1.4454,43.3240,8.5883
5,23,ans_first,1.0560,43.5779,5.3076
5,23,cq,0.7891,46.7444,15.7324
5,23,ans_final,1.2611,47.3079,8.3564
5,23,ans_first,1.6709,47.5608,6.9009
5,23,cq,1.4342,55.3091,18.8288
5,23,ans_final,1.3781,57.0097,11.1064
5,23,ans_first,1.0533,57.0623,8.7399
5,23,cq,1.9632,64.8554,23.8240
5,23,ans_final,1.2878,65.3000,5.5281
5,23,ans_first,1.9479,65.6502,6.8844
5,23,cq,0.9412,65.6106,13.9207
5,23,ans_final,1.1968,66.3973,5.4012
5,23,ans_first,1.4885,67.5784,12.8841
5,23,cq,1.3249,65.5807,17.4529
5,23,ans_final,1.2477,66.1458,6.1608
5,24,ans_first,1.5856,7.1633,7.1633
5,24,cq,0.8892,21.5609,20.2107
5,24,ans_final,1.1331,22.1490,6.4177
5,24,ans_first,2.2463,23.7234,8.1890
5,24,cq,1.2903,27.2155,14.2785
5,24,ans_final,1.4779,29.4916,9.4826
5,24,ans_first,2.1657,29.9345,4.9827
5,24,cq,2.2046,34.4417,20.4125
5,24,ans_final,1.2979,34.8291,7.1390
5,24,ans_first,1.4868,35.2378,5.3767
5,24,cq,1.5429,39.9052,19.2131
5,24,ans_final,1.2715,40.7497,6.6555
5,24,ans_first,2.4950,41.6938,7.9979
5,24,cq,1.1587,45.0998,16.4670
5,24,ans_final,1.6501,45.9967,7.7046
5,24,ans_first,2.2909,46.9303,9.2417
5,24,cq,1.4324,54.1413,31.4441
5,24,ans_final,1.4476,55.7036,7.1160
5,24,ans_first,1.5979,56.3141,6.9194
5,24,cq,1.4393,57.9097,18.0225
5,24,ans_final,1.2884,59.3241,6.0950
5,24,ans_first,1.4801,59.4347,4.1060
5,24,cq,0.9917,61.4492,16.5491
5,24,ans_final,1.4162,61.6656,6.6018
5,25,ans_first,2.3071,7.1070,7.1070
5,25,cq,1.6991,17.9176,16.3414
5,25,ans_final,1.2690,18.7799,6.2291
5,25,ans_first,2.2001,20.1919,7.6066
5,25,cq,1.3152,27.1812,19.0004
5,25,ans_final,1.3418,27.4058,5.3545
5,25,ans_first,1.6048,29.0387,8.5638
5,25,cq,1.6669,39.6539,27.5113
5,25,ans_final,1.3417,40.1484,5.8858
5,25,ans_first,1.9896,41.8977,12.2389
5,25,cq,1.7733,52.1225,31.9011
5,25,ans_final,1.3801,53.7107,11.4104
5,25,ans_first,1.5783,54.1238,6.0397
5,25,cq,0.1228,53.3361,5.2647
5,25,ans_final,1.1412,53.4789,5.0974
5,25,ans_first,1.3404,53.6614,4.0294
5,25,cq,0.8434,61.9677,22.9552
5,25,ans_final,1.3977,63.2794,9.1371
5,25,ans_first,1.8993,63.8713,7.0918
5,25,cq,1.6262,63.1678,21.6292
5,25,ans_final,1.3328,63.4144,5.8030
5,25,ans_first,1.8658,63.6472,6.5627
5,25,cq,1.0956,65.1527,11.5225
5,25,ans_final,1.3955,65.8495,6.7157
5,26,ans_first,1.3576,6.7626,6.7626
5,26,cq,1.5649,20.8907,19.8686
5,26,ans_final,1.2894,22.1338,8.4306
5,26,ans_first,2.0010,23.1929,6.7688
5,26,cq,0.9021,28.5773,16.3357
5,26,ans_final,1.1391,29.4022,6.7287
5,26,ans_first,2.0162,30.3393,7.5902
5,26,cq,0.8101,33.7700,17.5152
5,26,ans_final,1.3162,34.5319,5.8097
5,26,ans_first,1.7502,35.4115,7.2587
5,26,cq,1.6323,46.8028,32.3668
5,26,ans_final,1.3862,49.9971,11.8473
5,26,ans_first,1.5443,50.8925,8.5589
5,26,cq,2.7774,55.1970,26.4991
5,26,ans_final,1.4047,55.5858,6.9015
5,26,ans_first,1.7592,55.9994,6.3093
5,26,cq,1.3010,55.2590,18.1259
5,26,ans_final,1.2618,56.4134,6.2034
5,26,ans_first,2.1137,57.4542,10.4769
5,26,cq,1.5897,64.4490,26.1485
5,26,ans_final,1.3765,65.2553,8.9405
5,26,ans_first,1.6433,65.5368,5.5629
5,26,cq,1.9233,69.5636,20.2723
5,26,ans_final,1.4085,70.1349,5.5450
5,27,ans_first,1.2859,7.6665,7.6665
5,27,cq,1.1483,22.2480,21.1888
5,27,ans_final,1.3206,22.5168,7.6548
5,27,ans_first,1.8101,23.1378,5.5432
5,27,cq,1.3464,25.4242,13.9015
5,27,ans_final,1.3818,26.5132,7.7909
5,27,ans_first,1.6496,27.8397,8.7798
5,27,cq,0.5675,29.8456,12.6632
5,27,ans_final,1.3669,31.3969,9.2386
5,27,ans_first,1.4345,32.5004,10.1102
5,27,cq,1.5875,39.9870,22.6579
5,27,ans_final,1.0680,40.9857,6.2223
5,27,ans_first,2.5074,41.7106,7.4135
5,27,cq,1.2741,44.5551,17.8572
5,27,ans_final,1.4133,45.3540,5.8176
5,27,ans_first,1.5575,45.6104,6.2132
5,27,cq,1.0749,48.8770,15.1733
5,27,ans_final,1.2915,49.4093,6.1985
5,27,ans_first,1.8054,49.8147,6.3297
5,27,cq,1.5674,52.8080,17.6533
5,27,ans_final,1.3297,54.5399,9.2384
5,27,ans_first,2.0778,55.0202,5.8287
5,27,cq,1.6663,57.0841,18.5055
5,27,ans_final,1.6177,58.5108,8.6673
5,28,ans_first,1.6676,4.7750,4.7750
5,28,cq,1.4289,23.2273,22.3831
5,28,ans_final,1.2083,24.2518,7.4592
5,28,ans_first,2.1454,25.0073,6.0937
5,28,cq,2.0144,30.7169,18.6151
5,28,ans_final,1.2126,31.2696,6.4210
5,28,ans_first,1.6301,31.6765,6.0295
5,28,cq,1.2269,32.6032,14.2242
5,28,ans_final,1.3372,33.3140,6.3400
5,28,ans_first,1.4983,34.4903,8.3746
5,28,cq,0.8482,38.8184,17.4954
5,28,ans_final,1.1780,39.5635,5.6529
5,28,ans_first,1.2776,40.1677,6.7882
5,28,cq,1.0119,41.1670,16.3954
5,28,ans_final,1.2809,42.1699,6.1784
5,28,ans_first,2.0637,43.8560,9.8802
5,28,cq,0.8798,47.1151,16.0265
5,28,ans_final,1.3317,48.1010,5.8859
5,28,ans_first,1.9817,48.4745,6.2019
5,28,cq,1.3828,51.4984,18.8869
5,28,ans_final,1.1608,52.1950,7.7151
5,28,ans_first,1.6413,52.3289,6.9741
5,28,cq,1.5596,55.1522,21.1150
5,28,ans_final,1.2200,56.2118,9.1495
5,29,ans_first,1.8623,8.8535,8.8535
5,29,cq,1.6539,22.4562,21.0560
5,29,ans_final,1.2954,23.9939,8.6836
5,29,ans_first,1.8488,24.3311,4.9722
5,29,cq,1.5498,32.8815,20.5444
5,29,ans_final,1.4288,33.3255,5.3223
5,29,ans_first,2.1134,34.6409,9.1713
5,29,cq,1.4364,37.3540,16.1679
5,29,ans_final,1.4676,39.1473,11.7518
5,29,ans_first,1.8564,39.6471,5.1438
5,29,cq,1.4935,43.7328,22.6546
5,29,ans_final,1.5712,45.1345,10.6641
5,29,ans_first,1.5280,45.2626,4.9573
5,29,cq,1.0984,46.2291,15.9421
5,29,ans_final,1.3196,46.5344,8.0529
5,29,ans_first,1.7569,47.0160,7.2775
5,29,cq,1.3371,49.9421,17.3227
5,29,ans_final,1.2742,50.6457,5.3072
5,29,ans_first,1.8729,52.0236,10.4579
5,29,cq,0.7624,55.3825,15.3969
5,29,ans_final,1.0265,55.9451,6.3811
5,29,ans_first,1.7229,56.5413,7.1063
5,29,cq,1.3191,59.0412,15.8600
5,29,ans_final,1.2475,59.8368,7.8970
5,30,ans_first,1.7080,8.3197,8.3197
5,30,cq,2.0244,23.9883,22.8347
5,30,ans_final,1.3197,24.9210,7.9245
5,30,ans_first,2.5525,26.5721,8.7449
5,30,cq,2.1308,34.6972,21.9042
5,30,ans_final,1.2863,35.9236,8.6053
5,30,ans_first,1.0410,36.5957,7.7758
5,30,cq,0.4642,40.7603,15.3038
5,30,ans_final,1.2709,41.6183,7.8593
5,30,ans_first,2.0124,42.4372,8.7755
5,30,cq,0.7273,41.8187,17.9093
5,30,ans_final,1.0720,43.0468,6.6157
5,30,ans_first,1.2702,42.9552,5.2066
5,30,cq,1.4645,47.7444,19.8704
5,30,ans_final,1.3777,49.5890,9.1568
5,30,ans_first,1.3304,49.4484,8.4051
5,30,cq,1.5875,52.8724,23.6990
5,30,ans_final,1.3519,53.5366,5.6685
5,30,ans_first,1.9769,53.8561,6.8956
5,30,cq,1.0897,56.8626,14.4970
5,30,ans_final,1.3588,57.1022,6.9473
5,30,ans_first,1.7364,57.5848,7.0826
5,30,cq,2.1423,60.6760,22.0611
5,30,ans_final,1.3031,60.6006,7.2124
5,31,ans_first,2.0376,13.5088,13.5088
5,31,cq,0.9834,23.3589,20.2273
5,31,ans_final,0.9757,24.4249,6.5189
5,31,ans_first,1.8064,25.0713,5.8404
5,31,cq,1.8125,36.9369,22.5802
5,31,ans_final,1.3965,37.8617,8.3204
5,31,ans_first,1.9827,38.3048,7.1839
5,31,cq,1.3535,42.0768,17.2144
5,31,ans_final,1.2510,43.1223,9.3743
5,31,ans_first,2.4189,43.3587,8.6127
5,31,cq,2.9965,48.6438,22.8764
5,31,ans_final,1.1752,48.7436,5.4758
5,31,ans_first,1.2137,49.2906,7.8709
5,31,cq,1.1963,53.6268,20.4760
5,31,ans_final,1.3381,53.6778,6.8213
5,31,ans_first,1.5519,53.8156,7.6978
5,31,cq,1.4469,58.9055,17.8985
5,31,ans_final,1.3588,58.9747,7.8010
5,31,ans_first,1.4455,59.3807,6.7572
5,31,cq,1.3113,58.3578,28.1789
5,31,ans_final,1.0734,58.7943,6.3122
5,31,ans_first,1.9685,59.0396,6.5029
5,31,cq,1.4051,62.6908,19.3399
5,31,ans_final,1.2658,63.3162,6.9350
5,32,ans_first,2.0671,9.3925,9.3925
5,32,cq,1.5205,17.9914,15.3447
5,32,ans_final,1.2587,19.8190,8.5345
5,32,ans_first,1.2791,20.6496,6.4954
5,32,cq,0.3467,26.8264,15.6755
5,32,ans_final,1.1877,27.1723,4.7933
5,32,ans_first,1.8385,29.3495,10.0748
5,32,cq,1.1655,35.0736,21.1260
5,32,ans_final,1.4685,35.5168,5.5521
5,32,ans_first,2.0646,36.0410,6.8108
5,32,cq,1.8683,39.2758,18.1068
5,32,ans_final,1.3494,40.0650,6.6063
5,32,ans_first,2.9868,41.0148,9.0463
5,32,cq,1.9133,44.6095,19.0898
5,32,ans_final,1.1669,45.5054,7.2222
5,32,ans_first,1.4151,45.6974,7.2414
5,32,cq,2.1165,50.4992,22.6792
5,32,ans_final,1.4528,51.6898,9.6049
5,32,ans_first,1.7841,52.5604,9.6027
5,32,cq,0.7594,53.7566,21.6775
5,32,ans_final,1.3504,54.4535,8.6515
5,32,ans_first,1.8878,54.5454,6.9819
5,32,cq,1.4088,58.0129,15.8285
5,32,ans_final,1.1621,58.6077,5.6305
5,33,ans_first,1.7369,10.5937,10.5937
5,33,cq,1.1111,20.6693,17.6317
5,33,ans_final,1.4845,22.5598,10.0446
5,33,ans_first,1.2743,22.9993,4.6295
5,33,cq,0.4439,26.9814,12.6935
5,33,ans_final,1.6477,29.1675,10.1231
5,33,ans_first,1.9825,29.5951,6.1044
5,33,cq,0.8595,33.4412,11.9983
5,33,ans_final,1.2582,35.0054,8.7760
5,33,ans_first,1.6930,35.5506,7.0133
5,33,cq,2.0872,42.6366,24.6227
5,33,ans_final,1.3635,45.7451,11.0305
5,33,ans_first,2.2444,46.3082,8.4031
5,33,cq,1.1125,49.4550,18.9445
5,33,ans_final,1.5763,49.5682,8.3764
5,33,ans_first,1.4343,49.9088,5.6792
5,33,cq,0.9580,52.8174,18.4901
5,33,ans_final,1.4564,53.6866,7.3831
5,33,ans_first,1.9746,53.7746,6.3055
5,33,cq,1.5068,55.6833,16.9082
5,33,ans_final,1.4582,56.9063,8.6322
5,33,ans_first,1.3660,56.9794,7.7818
5,33,cq,1.4590,60.4665,20.2506
5,33,ans_final,1.0879,60.9323,5.6762
5,34,ans_first,2.0704,8.1310,8.1310
5,34,cq,0.9005,19.9344,18.4156
5,34,ans_final,1.2802,20.6156,5.6106
5,34,ans_first,2.1422,22.3894,9.1871
5,34,cq,1.0072,25.7309,14.7906
5,34,ans_final,1.2759,26.4236,7.6368
5,34,ans_first,2.6572,28.0699,9.1322
5,34,cq,1.7475,35.9070,22.5811
5,34,ans_final,1.5140,37.2719,9.1053
5,34,ans_first,1.8191,38.9170,11.6820
5,34,cq,0.9647,42.6734,13.1685
5,34,ans_final,1.2712,43.5320,8.1677
5,34,ans_first,1.5195,43.9055,5.5643
5,34,cq,1.2101,47.6889,17.4717
5,34,ans_final,1.3395,48.0774,5.4192
5,34,ans_first,1.7981,48.2836,6.6367
5,34,cq,1.1290,53.1416,19.0943
5,34,ans_final,1.1590,53.8135,6.8063
5,34,ans_first,2.2796,54.4075,7.5565
5,34,cq,1.3185,58.3011,16.3518
5,34,ans_final,1.4220,58.9190,8.5195
5,34,ans_first,1.4060,59.4706,7.6150
5,34,cq,0.3579,65.1031,15.1711
5,34,ans_final,1.2171,65.7553,6.0963
5,35,ans_first,1.6163,6.6330,6.6330
5,35,cq,1.9477,22.1779,21.0927
5,35,ans_final,1.1644,22.4651,5.5133
5,35,ans_first,1.6597,23.0141,6.2267
5,35,cq,0.6659,24.9891,14.1915
5,35,ans_final,1.4417,26.9454,9.0752
5,35,ans_first,1.3587,27.4659,5.3115
5,35,cq,1.5178,47.0243,36.7185
5,35,ans_final,1.3096,48.3555,8.2659
5,35,ans_first,1.7076,48.2448,6.2644
5,35,cq,0.8247,48.1024,12.9029
5,35,ans_final,1.1497,48.3117,4.3772
5,35,ans_first,1.7954,49.5579,9.6786
5,35,cq,1.6133,54.2501,17.4977
5,35,ans_final,1.2454,55.0741,6.0959
5,35,ans_first,1.1814,55.3599,7.0000
5,35,cq,2.3083,66.2630,27.5324
5,35,ans_final,1.2788,67.2716,7.5091
5,35,ans_first,2.1578,67.4691,5.3388
5,35,cq,1.0434,68.6243,11.3641
5,35,ans_final,1.0449,69.0994,6.5225
5,35,ans_first,1.7937,69.4474,8.9169
5,35,cq,0.9117,73.2142,21.8299
5,35,ans_final,1.0933,74.8381,9.3852
5,36,ans_first,2.2258,9.3702,9.3702
5,36,cq,1.3818,18.3514,15.4135
5,36,ans_final,1.1343,18.7971,5.8991
5,36,ans_first,1.9643,19.8581,6.4169
5,36,cq,1.9181,45.8683,40.0838
5,36,ans_final,1.4251,46.1070,5.7274
5,36,ans_first,1.5859,46.7820,6.4205
5,36,cq,1.7115,49.6362,15.7395
5,36,ans_final,1.4085,50.6170,8.8141
5,36,ans_first,2.7040,51.0237,9.6926
5,36,cq,2.9821,67.0050,38.2659
5,36,ans_final,1.4399,67.4383,7.3906
5,36,ans_first,1.6347,67.8824,7.0485
5,36,cq,1.2127,72.3111,19.1057
5,36,ans_final,1.0411,73.0706,6.4328
5,36,ans_first,1.8232,73.7027,8.1485
5,36,cq,1.3972,71.1222,16.2052
5,36,ans_final,1.3563,71.6861,9.3983
5,36,ans_first,2.2912,71.8407,8.0651
5,36,cq,1.1081,68.3692,19.7442
5,36,ans_final,1.3223,68.6405,7.6698
5,36,ans_first,1.5226,68.7371,6.2808
5,36,cq,0.8286,70.7730,12.4640
5,36,ans_final,1.3492,71.2137,6.0459
5,37,ans_first,2.1719,10.9684,10.9684
5,37,cq,1.2405,22.1514,19.1012
5,37,ans_final,1.3211,23.2367,7.9205
5,37,ans_first,1.3564,23.7974,4.7953
5,37,cq,1.8532,38.0524,28.3490
5,37,ans_final,1.2236,38.6699,6.2740
5,37,ans_first,1.8176,38.9194,6.6825
5,37,cq,1.4112,42.3923,15.8703
5,37,ans_final,1.3223,43.4751,10.2356
5,37,ans_first,1.7039,44.3544,8.6281
5,37,cq,2.4032,54.4229,26.0962
5,37,ans_final,1.0823,55.1041,8.9370
5,37,ans_first,2.1005,56.2112,9.9940
5,37,cq,1.0138,60.7065,19.9487
5,37,ans_final,1.3318,61.1767,8.0379
5,37,ans_first,1.9020,61.3942,6.6595
5,37,cq,1.5503,71.4101,26.6737
5,37,ans_final,1.6023,72.0281,8.4740
5,37,ans_first,1.5999,71.9092,6.3350
5,37,cq,0.6121,75.7539,14.1237
5,37,ans_final,1.1126,76.0612,7.1741
5,37,ans_first,1.6174,76.2926,5.5852
5,37,cq,0.5064,80.0569,11.9434
5,37,ans_final,1.4045,80.5693,7.0907
5,38,ans_first,1.3169,8.5728,8.5728
5,38,cq,0.3598,16.9734,14.3901
5,38,ans_final,1.4464,19.5735,9.2205
5,38,ans_first,1.4732,20.0960,6.0242
5,38,cq,0.1172,22.0006,6.1472
5,38,ans_final,1.1495,23.0767,5.6866
5,38,ans_first,1.8008,24.0923,7.1989
5,38,cq,2.4773,31.9392,22.0458
5,38,ans_final,1.3170,32.7021,6.6225
5,38,ans_first,2.1490,33.5205,8.4477
5,38,cq,1.6736,40.6118,19.7542
5,38,ans_final,1.3970,41.1372,4.9845
5,38,ans_first,1.4816,41.4338,5.6411
5,38,cq,1.8079,46.4450,18.7955
5,38,ans_final,1.4590,47.1917,8.5069
5,38,ans_first,1.8635,47.3672,6.2375
5,38,cq,0.8250,47.7762,15.8415
5,38,ans_final,1.1245,48.6204,6.1022
5,38,ans_first,2.0581,49.0634,6.4128
5,38,cq,1.9733,53.4006,18.6239
5,38,ans_final,1.3788,54.0445,6.6122
5,38,ans_first,1.8069,55.0369,10.1543
5,38,cq,1.3296,56.4644,16.6316
5,38,ans_final,1.3242,57.1321,7.6858
5,39,ans_first,2.3162,7.0979,7.0979
5,39,cq,1.6191,20.8185,19.5444
5,39,ans_final,1.3020,21.7478,8.6099
5,39,ans_first,1.7173,23.3573,7.8722
5,39,cq,0.8191,26.4041,17.0727
5,39,ans_final,1.2246,26.5532,5.3001
5,39,ans_first,2.3404,27.4902,6.9239
5,39,cq,1.3337,32.1588,15.3281
5,39,ans_final,1.0520,32.6962,6.1015
5,39,ans_first,1.7051,33.0197,4.7823
5,39,cq,1.0850,37.5314,18.0938
5,39,ans_final,1.4156,38.3433,8.4345
5,39,ans_first,2.5588,39.4388,9.5540
5,39,cq,1.6993,45.0700,20.9731
5,39,ans_final,1.5405,46.4703,8.9984
5,39,ans_first,2.6395,46.6680,8.8968
5,39,cq,1.2993,46.6283,18.7812
5,39,ans_final,1.4304,47.1190,5.7913
5,39,ans_first,1.8394,47.5886,7.6035
5,39,cq,1.5415,50.6236,16.8313
5,39,ans_final,1.6341,51.6559,9.9319
5,39,ans_first,2.0049,53.3825,12.0849
5,39,cq,1.2781,55.0048,11.8926
5,39,ans_final,1.0042,55.4826,6.0237
5,40,ans_first,1.9896,7.9371,7.9371
5,40,cq,0.8306,14.5561,12.9477
5,40,ans_final,1.4794,15.7251,6.7475
5,40,ans_first,1.7918,20.7993,13.3175
5,40,cq,1.2668,28.9335,20.5174
5,40,ans_final,1.2453,30.2943,9.6283
5,40,ans_first,1.5723,31.0007,5.8301
5,40,cq,0.6667,32.8815,16.3152
5,40,ans_final,1.1736,33.8167,6.4922
5,40,ans_first,1.7587,35.0196,8.5628
5,40,cq,0.5590,38.8933,18.7438
5,40,ans_final,1.2325,39.2891,5.6619
5,40,ans_first,1.7488,39.6475,5.6412
5,40,cq,1.5292,45.4023,23.0490
5,40,ans_final,1.3804,45.8916,8.3119
5,40,ans_first,2.1489,47.3523,10.9867
5,40,cq,1.6965,52.9690,24.8389
5,40,ans_final,1.5536,53.7021,6.4707
5,40,ans_first,1.7080,54.0361,6.7306
5,40,cq,1.2736,56.3248,16.5185
5,40,ans_final,1.2724,57.2192,6.4289
5,40,ans_first,1.9266,57.7385,8.0878
5,40,cq,0.7783,62.8968,18.0130
5,40,ans_final,1.2383,63.7267,7.6879
5,41,ans_first,2.2585,5.7923,5.7923
5,41,cq,1.5645,22.0703,21.2656
5,41,ans_final,1.3479,22.8042,6.2149
5,41,ans_first,1.6422,23.6480,5.5083
5,41,cq,1.6648,34.8203,21.6944
5,41,ans_final,1.3144,35.5085,8.3767
5,41,ans_first,1.7545,36.0998,6.2152
5,41,cq,0.4475,38.5469,11.6258
5,41,ans_final,1.5334,39.5092,7.9635
5,41,ans_first,1.3345,40.7900,8.7142
5,41,cq,1.2263,45.4530,21.9784
5,41,ans_final,1.3552,46.8188,9.0916
5,41,ans_first,1.8757,47.7352,6.7974
5,41,cq,1.3968,53.0153,19.6490
5,41,ans_final,1.3619,53.8667,6.3295
5,41,ans_first,1.1835,55.0176,8.2446
5,41,cq,1.9052,61.3281,40.7467
5,41,ans_final,1.2077,61.8228,5.3298
5,41,ans_first,2.0506,62.1992,7.1797
5,41,cq,2.0795,64.1907,23.3220
5,41,ans_final,1.2222,65.0962,6.3430
5,41,ans_first,1.8914,64.7481,6.2096
5,41,cq,1.1032,66.1449,11.0167
5,41,ans_final,1.0425,66.4878,4.0668
5,42,ans_first,1.7973,7.0732,7.0732
5,42,cq,0.3041,14.5361,12.9921
5,42,ans_final,1.2870,15.0697,5.8449
5,42,ans_first,1.8817,16.7845,7.4017
5,42,cq,1.8656,24.1339,18.4222
5,42,ans_final,1.2851,25.5145,7.5777
5,42,ans_first,1.6582,26.9245,7.8923
5,42,cq,1.9470,35.8267,24.0038
5,42,ans_final,1.2389,36.1215,5.5583
5,42,ans_first,2.1085,38.9838,12.3434
5,42,cq,2.1962,45.1247,25.8963
5,42,ans_final,1.3342,45.6830,8.1660
5,42,ans_first,1.7783,46.5233,7.5589
5,42,cq,0.8721,50.4702,15.8923
5,42,ans_final,1.1302,51.0163,8.0063
5,42,ans_first,2.3375,53.6250,15.6656
5,42,cq,3.4432,61.9341,33.8211
5,42,ans_final,1.1535,62.7404,8.2789
5,42,ans_first,1.9629,63.0893,7.6797
5,42,cq,1.0615,65.9969,17.4680
5,42,ans_final,1.5722,66.6629,10.0787
5,42,ans_first,2.2091,67.2954,8.9393
5,42,cq,1.3287,69.4641,22.2053
5,42,ans_final,1.3749,70.0920,6.1251
5,43,ans_first,1.8922,12.2280,12.2280
5,43,cq,1.5042,20.6029,16.9717
5,43,ans_final,1.3684,21.5584,7.3380
5,43,ans_first,2.0672,22.5680,6.7293
5,43,cq,1.0048,27.6798,15.3497
5,43,ans_final,1.4587,29.3140,9.2631
5,43,ans_first,1.6744,29.9792,5.6982
5,43,cq,1.1672,34.0079,14.7021
5,43,ans_final,1.4501,34.6242,6.6762
5,43,ans_first,2.5863,35.6842,8.7347
5,43,cq,2.5272,42.1521,25.8008
5,43,ans_final,1.2800,42.5686,5.8092
5,43,ans_first,1.7687,42.8224,6.2920
5,43,cq,1.0217,44.3704,14.2829
5,43,ans_final,1.3067,44.8837,5.9499
5,43,ans_first,1.9946,45.6656,7.9352
5,43,cq,1.7514,49.5614,21.6038
5,43,ans_final,1.2116,50.1693,7.2759
5,43,ans_first,2.2057,50.5620,6.8592
5,43,cq,1.0208,51.7618,15.8272
5,43,ans_final,1.3685,52.3721,6.3736
5,43,ans_first,2.0090,52.7530,6.2441
5,43,cq,1.8751,59.5166,23.1424
5,43,ans_final,1.5416,60.2320,7.3742
5,44,ans_first,1.8907,5.2718,5.2718
5,44,cq,1.3862,24.6169,23.8023
5,44,ans_final,1.2781,24.8036,5.1826
5,44,ans_first,1.9979,25.6953,6.6844
5,44,cq,0.8277,27.1439,16.4501
5,44,ans_final,1.1513,27.6149,5.2211
5,44,ans_first,2.0001,28.4932,6.3131
5,44,cq,0.3389,32.7121,15.8681
5,44,ans_final,1.3254,33.4280,6.0470
5,44,ans_first,1.8121,34.9305,9.4480
5,44,cq,1.5773,38.5136,18.7933
5,44,ans_final,1.3635,39.4849,9.1147
5,44,ans_first,1.9064,39.9922,8.5407
5,44,cq,1.5018,44.8209,25.4667
5,44,ans_final,1.1156,45.8737,6.5013
5,44,ans_first,1.5340,46.6497,8.3419
5,44,cq,0.1807,47.3673,9.3185
5,44,ans_final,1.3529,48.6603,9.7182
5,44,ans_first,2.1044,49.1834,8.1758
5,44,cq,1.3163,52.1693,14.9264
5,44,ans_final,1.4782,53.8394,10.3532
5,44,ans_first,1.8392,54.0809,7.4271
5,44,cq,1.8564,65.2867,23.2177
5,44,ans_final,1.2812,66.8767,6.5153
5,45,ans_first,2.4592,7.9090,7.9090
5,45,cq,1.2518,18.6578,16.3095
5,45,ans_final,1.1103,20.0069,9.1269
5,45,ans_first,1.8436,24.2325,13.5754
5,45,cq,1.4061,30.9932,18.5241
5,45,ans_final,1.2021,31.3826,5.5625
5,45,ans_first,1.7244,32.3949,7.1003
5,45,cq,1.1674,35.9990,19.1425
5,45,ans_final,1.3557,36.2716,6.4376
5,45,ans_first,2.0092,36.9876,7.4100
5,45,cq,0.7687,40.8277,18.4970
5,45,ans_final,1.2361,41.6818,8.0830
5,45,ans_first,1.8511,42.1234,6.6231
5,45,cq,1.0328,47.2572,18.1636
5,45,ans_final,1.3339,47.9284,7.1181
5,45,ans_first,1.4841,48.3775,7.0070
5,45,cq,1.3351,55.2785,18.6609
5,45,ans_final,1.5838,55.1617,9.3877
5,45,ans_first,1.6383,56.2710,9.8821
5,45,cq,0.8743,59.7668,13.3293
5,45,ans_final,1.3790,60.8082,10.2506
5,45,ans_first,1.2339,61.1161,5.0660
5,45,cq,1.3662,63.2324,18.7510
5,45,ans_final,1.0831,63.9373,8.0700
5,46,ans_first,1.6633,8.5465,8.5465
5,46,cq,0.6638,17.5630,14.9677
5,46,ans_final,0.9993,18.9110,6.7674
5,46,ans_first,1.7942,19.6938,5.5730
5,46,cq,1.9281,29.0077,22.5751
5,46,ans_final,1.5699,30.2596,10.2620
5,46,ans_first,2.1879,31.1808,7.3233
5,46,cq,2.3422,49.1337,33.9296
5,46,ans_final,1.3287,49.8639,7.9001
5,46,ans_first,1.8369,51.1603,9.6567
5,46,cq,1.2823,55.8609,16.2974
5,46,ans_final,1.2603,55.8589,5.9592
5,46,ans_first,1.4144,56.3496,6.7821
5,46,cq,1.5434,60.2516,15.5115
5,46,ans_final,1.1517,60.1166,6.0950
5,46,ans_first,1.9577,60.6842,6.9852
5,46,cq,1.3065,62.6275,19.3576
5,46,ans_final,1.4193,63.3936,13.6829
5,46,ans_first,1.7993,63.6442,7.2809
5,46,cq,0.6317,65.2814,13.3713
5,46,ans_final,1.5025,66.1564,7.4167
5,46,ans_first,1.8447,66.3183,6.0235
5,46,cq,1.9478,69.1990,20.4121
5,46,ans_final,1.3453,69.7147,7.1357
5,47,ans_first,2.3693,7.5592,7.5592
5,47,cq,1.7945,20.0482,18.5816
5,47,ans_final,1.4291,20.6904,6.4588
5,47,ans_first,1.7568,21.9501,7.3548
5,47,cq,1.3295,32.0675,20.3031
5,47,ans_final,1.1840,33.7967,9.5663
5,47,ans_first,1.0790,34.5362,8.7907
5,47,cq,2.0013,38.2980,20.2640
5,47,ans_final,1.1446,39.3933,7.7220
5,47,ans_first,1.8764,39.9384,5.6471
5,47,cq,1.5873,44.7326,19.0543
5,47,ans_final,1.1489,45.4694,7.9722
5,47,ans_first,2.7077,48.1544,14.2595
5,47,cq,1.4530,50.1580,23.4085
5,47,ans_final,1.4911,50.6909,8.1325
5,47,ans_first,2.2951,51.2264,7.4917
5,47,cq,2.6464,56.0788,26.2715
5,47,ans_final,1.4781,57.4129,9.4307
5,47,ans_first,1.3740,57.9316,8.3742
5,47,cq,1.5836,60.7648,20.6498
5,47,ans_final,1.2901,61.8419,8.8064
5,47,ans_first,2.0621,62.2202,8.5112
5,47,cq,1.4922,65.8938,24.1553
5,47,ans_final,1.2571,65.9940,6.3261
5,48,ans_first,1.8261,9.9554,9.9554
5,48,cq,1.2702,27.6261,26.3749
5,48,ans_final,1.2801,29.0183,10.0109
5,48,ans_first,1.6908,29.6205,5.6665
5,48,cq,0.4797,35.3476,14.7411
5,48,ans_final,1.2627,36.0146,5.4181
5,48,ans_first,1.9631,37.5897,9.4794
5,48,cq,2.5008,45.7022,25.5154
5,48,ans_final,1.0874,46.5286,8.2517
5,48,ans_first,1.6126,47.9400,10.9490
5,48,cq,1.8627,49.9816,25.3120
5,48,ans_final,1.3801,52.1096,11.6085
5,48,ans_first,1.4855,52.6539,6.6592
5,48,cq,1.1212,54.6279,19.2565
5,48,ans_final,1.2830,55.3454,5.5868
5,48,ans_first,2.0625,55.1593,7.0279
5,48,cq,0.9924,60.9526,18.9371
5,48,ans_final,1.1802,62.0799,7.8223
5,48,ans_first,2.1781,61.9760,7.0117
5,48,cq,1.0859,68.6909,25.0392
5,48,ans_final,1.1381,69.7573,7.1761
5,48,ans_first,1.6563,69.4688,6.1716
5,48,cq,1.6247,71.8999,17.4042
5,48,ans_final,1.1005,72.8919,6.4227
5,49,ans_first,1.7884,6.6721,6.6721
5,49,cq,1.8654,19.1514,17.7396
5,49,ans_final,1.1950,20.0704,7.3267
5,49,ans_first,1.3553,20.8002,6.4670
5,49,cq,1.4003,28.9007,22.7540
5,49,ans_final,1.2033,29.3820,5.3155
5,49,ans_first,2.0369,29.9911,5.6024
5,49,cq,1.8398,36.1031,19.0465
5,49,ans_final,1.2255,37.3369,8.3425
5,49,ans_first,1.5606,38.5749,9.1360
5,49,cq,1.0956,40.5952,13.4674
5,49,ans_final,1.4388,41.9243,9.2507
5,49,ans_first,1.8651,43.0075,8.1933
5,49,cq,1.3211,44.2227,15.2650
5,49,ans_final,1.2626,45.4352,8.5677
5,49,ans_first,1.4647,46.7306,9.0654
5,49,cq,2.2208,57.3804,30.0668
5,49,ans_final,1.1993,57.9978,6.5776
5,49,ans_first,1.2959,58.6633,8.5492
5,49,cq,1.2206,63.6051,26.6566
5,49,ans_final,1.0703,64.2676,6.6045
5,49,ans_first,1.7448,64.8670,6.3020
5,49,cq,0.8761,66.0704,22.6053
5,49,ans_final,1.5690,66.7334,5.4414
5,50,ans_first,1.8385,10.2890,10.2890
5,50,cq,1.2010,29.1999,27.0936
5,50,ans_final,1.4565,31.2128,11.0829
5,50,ans_first,1.1533,31.7314,6.8959
5,50,cq,0.1765,32.8190,8.8110
5,50,ans_final,1.2534,34.1608,8.7612
5,50,ans_first,1.7548,34.5874,6.3327
5,50,cq,2.2149,52.4174,32.9847
5,50,ans_final,1.1518,53.0288,7.3268
5,50,ans_first,2.1622,53.5707,9.2103
5,50,cq,2.8707,57.0119,21.7937
5,50,ans_final,1.3799,58.5138,11.3177
5,50,ans_first,1.8405,58.7125,5.8996
5,50,cq,0.8232,64.1196,23.6358
5,50,ans_final,1.1933,65.1461,6.8430
5,50,ans_first,1.8433,65.3271,10.2628
5,50,cq,2.7831,76.1948,32.5056
5,50,ans_final,1.1095,77.5244,8.1272
5,50,ans_first,1.3307,78.0149,6.3345
5,50,cq,0.5673,77.3064,9.6325
5,50,ans_final,1.4969,78.7147,9.5284
5,50,ans_first,1.9567,78.9306,4.7549
5,50,cq,1.2557,83.8324,17.3482
5,50,ans_final,1.5290,85.1136,9.0446
5,51,ans_first,1.7321,6.3939,6.3939
5,51,cq,2.3284,25.3771,24.2874
5,51,ans_final,1.2544,25.7727,6.7267
5,51,ans_first,1.9281,27.8673,9.4204
5,51,cq,1.2558,32.5553,15.0416
5,51,ans_final,1.3598,33.8023,6.7235
5,51,ans_first,2.3028,35.1251,10.3043
5,51,cq,1.7327,41.7452,21.6452
5,51,ans_final,1.2889,43.3727,10.7697
5,51,ans_first,1.6259,43.9366,7.8323
5,51,cq,0.1988,45.3216,10.3742
5,51,ans_final,1.2078,46.2835,6.9695
5,51,ans_first,1.0259,46.7659,6.9936
5,51,cq,1.7360,48.2421,16.9200
5,51,ans_final,1.3104,49.1608,5.9973
5,51,ans_first,1.3662,49.4396,6.2121
5,51,cq,2.8387,54.2184,20.8475
5,51,ans_final,1.2639,55.0240,7.2662
5,51,ans_first,1.5898,55.6669,7.1183
5,51,cq,0.4944,55.6032,15.6177
5,51,ans_final,1.3413,56.0419,9.0810
5,51,ans_first,2.0733,57.5383,9.6301
5,51,cq,2.5317,67.7587,35.4647
5,51,ans_final,1.5923,69.9247,12.4333
5,52,ans_first,1.5253,7.1612,7.1612
5,52,cq,0.9727,21.5689,20.7750
5,52,ans_final,1.2715,22.1909,7.1252
5,52,ans_first,1.4624,22.6886,5.2763
5,52,cq,1.5865,32.0350,21.0970
5,52,ans_final,1.6009,33.2217,8.8219
5,52,ans_first,1.8919,34.1289,8.0669
5,52,cq,1.4774,35.7457,17.8775
5,52,ans_final,1.1779,36.2038,5.3758
5,52,ans_first,2.0088,37.6261,10.8065
5,52,cq,2.8994,46.9595,23.8237
5,52,ans_final,1.1868,47.9487,9.4729
5,52,ans_first,1.6300,49.3586,8.9721
5,52,cq,0.8550,53.0793,18.5980
5,52,ans_final,0.9510,53.4500,5.9607
5,52,ans_first,2.1608,53.4011,9.3818
5,52,cq,1.6520,60.4834,23.8037
5,52,ans_final,1.4008,61.3962,8.5800
5,52,ans_first,2.0096,62.5263,8.3529
5,52,cq,0.3372,62.6558,14.4839
5,52,ans_final,1.0639,62.6660,4.2969
5,52,ans_first,2.2348,63.4188,6.8882
5,52,cq,1.3872,63.6010,13.4421
5,52,ans_final,1.3936,64.0744,6.0237
5,53,ans_first,1.6314,5.8907,5.8907
5,53,cq,1.5011,20.6147,19.6642
5,53,ans_final,1.3359,21.3321,4.7283
5,53,ans_first,1.4972,23.0928,8.7795
5,53,cq,1.4083,40.2813,35.3604
5,53,ans_final,1.1455,40.9271,7.8509
5,53,ans_first,1.6500,41.2143,5.8535
5,53,cq,0.9989,42.5475,16.7493
5,53,ans_final,1.2715,43.0762,8.5088
5,53,ans_first,1.4790,43.3313,6.4700
5,53,cq,0.1812,43.6276,8.9552
5,53,ans_final,1.4168,44.3399,6.3546
5,53,ans_first,1.3049,44.7260,6.4135
5,53,cq,0.5885,47.0958,13.0712
5,53,ans_final,1.3106,48.5927,8.9003
5,53,ans_first,2.3078,49.2599,10.2912
5,53,cq,1.5338,53.9767,22.7936
5,53,ans_final,1.5309,55.1590,9.6334
5,53,ans_first,2.1190,55.4600,7.6651
5,53,cq,1.6798,57.5471,15.7898
5,53,ans_final,1.6259,58.0053,6.2993
5,53,ans_first,1.6167,70.1528,39.2647
5,53,cq,1.6920,73.8887,31.5565
5,53,ans_final,1.4708,76.2205,12.0550
5,54,ans_first,1.9110,8.0759,8.0759
5,54,cq,1.1766,23.3942,21.7186
5,54,ans_final,1.2689,23.9933,6.9886
5,54,ans_first,1.2275,24.5846,4.8667
5,54,cq,1.2698,28.1511,15.1915
5,54,ans_final,1.1950,29.5418,7.9209
5,54,ans_first,2.4018,30.3528,6.2375
5,54,cq,2.5968,35.4885,16.7240
5,54,ans_final,1.7022,36.1826,7.6694
5,54,ans_first,2.0964,37.3552,9.4460
5,54,cq,1.3950,44.4304,19.9334
5,54,ans_final,1.2451,45.4250,7.2541
5,54,ans_first,1.4228,45.7167,5.5745
5,54,cq,1.8712,50.8707,22.1052
5,54,ans_final,1.3616,51.6042,7.5682
5,54,ans_first,2.1919,52.4975,10.9299
5,54,cq,1.3016,55.0448,18.1141
5,54,ans_final,1.4797,55.3398,6.9999
5,54,ans_first,1.8530,55.8743,6.3536
5,54,cq,0.6018,57.3527,18.6448
5,54,ans_final,1.4281,57.8088,7.0152
5,54,ans_first,2.1315,59.1395,9.2081
5,54,cq,2.0890,62.7403,20.9044
5,54,ans_final,1.1390,62.6339,8.9574
5,55,ans_first,2.1663,7.6654,7.6654
5,55,cq,2.0411,25.5123,25.5393
5,55,ans_final,1.3741,25.9284,5.4568
5,55,ans_first,1.7656,27.1076,7.5112
5,55,cq,0.2309,28.9287,9.6599
5,55,ans_final,1.1340,30.4526,8.3064
5,55,ans_first,1.7150,31.2405,6.7927
5,55,cq,1.2217,41.2419,22.6469
5,55,ans_final,1.3743,41.6766,5.4649
5,55,ans_first,1.2910,42.0022,6.5313
5,55,cq,1.3524,43.5774,22.5233
5,55,ans_final,1.3612,44.0866,6.0863
5,55,ans_first,1.2025,44.6640,7.5361
5,55,cq,1.6811,46.1939,19.8033
5,55,ans_final,1.3040,47.1407,8.7346
5,55,ans_first,2.1003,48.6666,11.4694
5,55,cq,0.9452,50.0372,13.5260
5,55,ans_final,1.2412,50.2236,6.5632
5,55,ans_first,1.5764,50.6514,6.0173
5,55,cq,1.2851,53.6027,14.6969
5,55,ans_final,1.2832,54.2829,6.3516
5,55,ans_first,1.7343,55.2393,9.6183
5,55,cq,1.0851,59.6957,21.9267
5,55,ans_final,1.2716,60.7043,9.2971
5,56,ans_first,2.3328,6.1333,6.1333
5,56,cq,1.4921,23.8592,22.8653
5,56,ans_final,1.7331,25.7885,11.2549
5,56,ans_first,1.6022,26.4771,6.3582
5,56,cq,0.1211,28.6582,7.2418
5,56,ans_final,1.2733,29.6201,7.0339
5,56,ans_first,2.2381,30.3331,6.8627
5,56,cq,1.0608,40.2543,21.5937
5,56,ans_final,1.2597,40.3719,4.4488
5,56,ans_first,1.4544,41.0140,8.5758
5,56,cq,0.1861,44.7824,9.6031
5,56,ans_final,1.1881,45.1676,4.8275
5,56,ans_first,2.3079,45.7686,7.4035
5,56,cq,0.8572,49.1987,15.3416
5,56,ans_final,1.4078,50.3982,7.6322
5,56,ans_first,1.7472,50.6472,8.4920
5,56,cq,0.1199,54.0597,6.5236
5,56,ans_final,1.2076,54.8792,8.0677
5,56,ans_first,2.0526,55.3644,6.8640
5,56,cq,1.4578,61.4369,20.7319
5,56,ans_final,1.4291,62.0595,10.3626
5,56,ans_first,1.9151,62.4136,7.4381
5,56,cq,1.1493,67.4530,16.1249
5,56,ans_final,1.1913,68.1044,6.7940
5,57,ans_first,1.8606,7.5187,7.5187
5,57,cq,0.6759,19.3761,17.8873
5,57,ans_final,1.2275,20.8642,6.8288
5,57,ans_first,1.4588,22.6277,9.5459
5,57,cq,1.2372,33.6388,20.0854
5,57,ans_final,1.2152,34.9762,9.4801
5,57,ans_first,1.7025,36.0564,7.9036
5,57,cq,1.4434,40.3839,21.1055
5,57,ans_final,1.2937,40.8635,8.7663
5,57,ans_first,1.9553,41.1731,7.2152
5,57,cq,1.5732,46.5191,21.7526
5,57,ans_final,1.2971,47.2225,5.5712
5,57,ans_first,1.5218,47.7816,7.1228
5,57,cq,0.9655,54.1998,24.6387
5,57,ans_final,1.2430,54.5723,7.3755
5,57,ans_first,1.2258,54.7058,6.0299
5,57,cq,1.4133,56.8795,16.9494
5,57,ans_final,1.3793,57.6552,8.7139
5,57,ans_first,1.8788,58.7926,9.9140
5,57,cq,1.1858,56.4651,17.4821
5,57,ans_final,1.5113,57.1850,8.0417
5,57,ans_first,2.0462,57.7828,10.5920
5,57,cq,2.3222,64.8403,23.1638
5,57,ans_final,1.2316,65.1982,6.9567
5,58,ans_first,1.9218,7.5709,7.5709
5,58,cq,1.8888,20.1788,18.6462
5,58,ans_final,1.4748,21.4585,9.2260
5,58,ans_first,1.8848,22.9641,7.6492
5,58,cq,0.6686,27.4692,13.9657
5,58,ans_final,1.1607,28.3254,7.0066
5,58,ans_first,1.4223,29.2805,7.8624
5,58,cq,1.9431,40.8177,38.1010
5,58,ans_final,1.3354,41.3413,8.9435
5,58,ans_first,1.6551,42.2641,7.2805
5,58,cq,0.1960,39.6007,9.1932
5,58,ans_final,1.3084,40.3195,5.8317
5,58,ans_first,1.6389,40.4892,6.8417
5,58,cq,0.8455,41.4624,14.0363
5,58,ans_final,1.3707,42.6276,8.1525
5,58,ans_first,1.4613,42.8396,4.5277
5,58,cq,1.1859,47.5932,16.8627
5,58,ans_final,1.2799,48.1043,6.1380
5,58,ans_first,1.8283,48.6533,9.7276
5,58,cq,2.3234,53.3593,23.1508
5,58,ans_final,1.4009,54.7145,10.5527
5,58,ans_first,1.8887,55.3798,7.4654
5,58,cq,1.4723,55.5007,18.1499
5,58,ans_final,1.1777,56.3706,7.7708
5,59,ans_first,1.3765,7.6319,7.6319
5,59,cq,1.0962,22.0240,20.6702
5,59,ans_final,1.1074,23.6213,6.7304
5,59,ans_first,1.6512,25.4921,9.4781
5,59,cq,0.8117,45.9807,28.3343
5,59,ans_final,1.1844,46.9885,6.1244
5,59,ans_first,1.6611,47.4265,6.2955
5,59,cq,1.7576,54.0564,18.5443
5,59,ans_final,1.5189,54.1987,8.4995
5,59,ans_first,1.7872,55.2273,7.6927
5,59,cq,0.8124,64.0130,18.6091
5,59,ans_final,1.2386,65.5044,9.9569
5,59,ans_first,1.9894,65.6963,7.5812
5,59,cq,1.8453,64.1820,20.9100
5,59,ans_final,1.3472,64.2530,4.9276
5,59,ans_first,1.5974,64.6075,6.8738
5,59,cq,1.1412,63.0038,16.6072
5,59,ans_final,1.3483,63.6997,5.8392
5,59,ans_first,2.0800,63.6834,11.9974
5,59,cq,1.7949,73.6681,24.6351
5,59,ans_final,1.2246,75.9729,9.6771
5,59,ans_first,1.7995,76.0882,8.4954
5,59,cq,1.2271,78.4214,15.7369
5,59,ans_final,1.1833,79.5398,6.3515
5,60,ans_first,1.9836,6.1998,6.1998
5,60,cq,1.6822,22.7546,21.8594
5,60,ans_final,1.4679,24.3977,8.3548
5,60,ans_first,1.4215,25.6305,7.5909
5,60,cq,1.7300,32.0802,19.4525
5,60,ans_final,1.6018,34.4836,13.0653
5,60,ans_first,1.8804,34.7316,4.9414
5,60,cq,1.0322,36.0487,10.5883
5,60,ans_final,1.3206,36.4885,5.9676
5,60,ans_first,1.6843,37.3155,6.4099
5,60,cq,0.2711,40.9487,14.3590
5,60,ans_final,1.1879,42.6404,8.1066
5,60,ans_first,1.8575,43.4431,7.8112
5,60,cq,2.0293,47.4448,17.5004
5,60,ans_final,1.2784,47.9024,6.9739
5,60,ans_first,1.4328,48.4796,5.1681
5,60,cq,1.1642,51.9842,16.0019
5,60,ans_final,1.4951,53.3186,8.2767
5,60,ans_first,1.9600,53.5670,5.5704
5,60,cq,1.6691,56.7525,17.0562
5,60,ans_final,1.3457,56.9032,6.8742
5,60,ans_first,1.2624,57.3501,8.7535
5,60,cq,0.6487,61.3365,17.3094
5,60,ans_final,1.2834,62.1870,8.2958
5,61,ans_first,2.2380,6.4014,6.4014
5,61,cq,0.8627,17.0584,15.2027
5,61,ans_final,1.2293,18.3957,7.4155
5,61,ans_first,1.6076,20.2263,8.1068
5,61,cq,0.8109,28.6565,20.4619
5,61,ans_final,1.1782,29.3554,7.5252
5,61,ans_first,2.3028,30.8809,9.4973
5,61,cq,1.8973,34.2712,19.9798
5,61,ans_final,1.4481,34.9655,5.9626
5,61,ans_first,1.6357,35.9636,6.1545
5,61,cq,0.4257,37.2216,10.0546
5,61,ans_final,1.1595,37.7287,5.8449
5,61,ans_first,1.9087,38.1153,5.5511
5,61,cq,1.2137,41.6403,19.1986
5,61,ans_final,1.5025,42.5468,7.6474
5,61,ans_first,1.8261,42.9701,4.4219
5,61,cq,0.8647,45.4690,14.8037
5,61,ans_final,1.3059,45.9879,8.9743
5,61,ans_first,1.4183,46.4049,5.8131
5,61,cq,0.5503,50.2158,20.7036
5,61,ans_final,1.2087,51.5124,8.1948
5,61,ans_first,1.8142,52.4780,8.5714
5,61,cq,1.1531,57.9745,18.8802
5,61,ans_final,1.3023,58.4669,6.9137
5,62,ans_first,1.3701,8.3281,8.3281
5,62,cq,0.6088,20.0103,18.9355
5,62,ans_final,1.2260,22.8762,10.3898
5,62,ans_first,1.9578,24.0111,6.9704
5,62,cq,1.1268,33.1591,20.4988
5,62,ans_final,1.4002,34.5599,7.9821
5,62,ans_first,1.8444,34.8723,6.8921
5,62,cq,1.2926,44.0209,22.0838
5,62,ans_final,1.2656,44.8338,5.4877
5,62,ans_first,1.5375,45.0952,7.0552
5,62,cq,1.4556,45.6546,30.6211
5,62,ans_final,1.1594,45.6092,6.4905
